AY/A,Att,Att.1,Cmp,Cmp%,Ctch%,Date,Def%,DefSnp,FF,FL,FR,FRTD,Fmb,GS,Gcar,Gtm,Int,KRTD,Off%,OffSnp,Opp,PRTD,Rate,Rec,Result,Ret,Rk,ST%,STSnp,Sk,TD,TD.1,TD.2,Team,Tgt,Week,Y/A,Y/A.1,Y/R,Y/Ret,Y/Tgt,Yds,Yds.1,Yds.2,Yds.3,Yds.4,col_6,player_id,season,source_file,injured
,14.0,,,,100.0,2024-09-08,0.0,0.0,0.0,0.0,0.0,0.0,0.0,*,98.0,1.0,,,54.5,30.0,NYG,,,2.0,"W, 28-6",,1.0,0.0,0.0,,1.0,0.0,,MIN,2.0,1.0,6.7,,7.5,,7.5,94.0,15.0,0.0,,,@,joneaa00,2024,joneaa00_2024_gamelog.csv,False
,9.0,,,,83.3,2024-09-15,0.0,0.0,0.0,1.0,0.0,0.0,1.0,*,99.0,2.0,,,61.1,33.0,SFO,,,5.0,"W, 23-17",,2.0,0.0,0.0,,0.0,0.0,,MIN,6.0,2.0,3.6,,7.2,,6.0,32.0,36.0,0.0,,,,joneaa00,2024,joneaa00_2024_gamelog.csv,False
,19.0,,,,83.3,2024-09-22,0.0,0.0,0.0,0.0,0.0,0.0,0.0,*,100.0,3.0,,,60.3,38.0,HOU,,,5.0,"W, 34-7",,3.0,0.0,0.0,,0.0,1.0,,MIN,6.0,3.0,5.4,,9.2,,7.7,102.0,46.0,0.0,,,,joneaa00,2024,joneaa00_2024_gamelog.csv,False
,22.0,,,,80.0,2024-09-29,0.0,0.0,0.0,0.0,0.0,0.0,0.0,*,101.0,4.0,,,82.4,56.0,GNB,,,4.0,"W, 31-29",,4.0,0.0,0.0,,0.0,0.0,,MIN,5.0,4.0,4.2,,11.5,,9.2,93.0,46.0,0.0,,,@,joneaa00,2024,joneaa00_2024_gamelog.csv,False
,7.0,,,,100.0,2024-10-06,0.0,0.0,0.0,0.0,0.0,0.0,0.0,*,102.0,5.0,,,21.9,16.0,NYJ,,,1.0,"W, 23-17",,5.0,0.0,0.0,,0.0,0.0,,MIN,1.0,5.0,4.1,,24.0,,24.0,29.0,24.0,0.0,,,,joneaa00,2024,joneaa00_2024_gamelog.csv,False
,14.0,,,,100.0,2024-10-20,0.0,0.0,0.0,0.0,0.0,0.0,0.0,*,103.0,6.0,,,71.7,43.0,DET,,,3.0,"L, 29-31",,6.0,0.0,0.0,,1.0,0.0,,MIN,3.0,7.0,6.6,,7.7,,7.7,93.0,23.0,0.0,,,,joneaa00,2024,joneaa00_2024_gamelog.csv,False
,19.0,,,,100.0,2024-10-24,0.0,0.0,0.0,0.0,0.0,0.0,0.0,*,104.0,7.0,,,92.0,46.0,LAR,,,2.0,"L, 20-30",,7.0,0.0,0.0,,0.0,0.0,,MIN,2.0,8.0,3.1,,18.5,,18.5,58.0,37.0,0.0,,,@,joneaa00,2024,joneaa00_2024_gamelog.csv,False
,21.0,,,,100.0,2024-11-03,0.0,0.0,0.0,0.0,0.0,0.0,0.0,*,105.0,8.0,,,75.3,55.0,IND,,,4.0,"W, 21-13",,8.0,0.0,0.0,,0.0,0.0,,MIN,4.0,9.0,3.0,,4.5,,4.5,64.0,18.0,0.0,,,,joneaa00,2024,joneaa00_2024_gamelog.csv,False
,17.0,,,,66.7,2024-11-10,0.0,0.0,0.0,0.0,0.0,0.0,0.0,*,106.0,9.0,,,52.4,44.0,JAX,,,2.0,"W, 12-7",,9.0,0.0,0.0,,0.0,0.0,,MIN,3.0,10.0,5.2,,6.5,,4.3,88.0,13.0,0.0,,,@,joneaa00,2024,joneaa00_2024_gamelog.csv,False
,15.0,,,,100.0,2024-11-17,0.0,0.0,0.0,0.0,1.0,0.0,1.0,*,107.0,10.0,,,53.4,39.0,TEN,,,1.0,"W, 23-13",,10.0,0.0,0.0,,0.0,0.0,,MIN,1.0,11.0,2.6,,4.0,,4.0,39.0,4.0,0.0,,,@,joneaa00,2024,joneaa00_2024_gamelog.csv,False
,22.0,,,,75.0,2024-11-24,0.0,0.0,0.0,1.0,0.0,0.0,1.0,*,108.0,11.0,,,78.9,56.0,CHI,,,3.0,"W, 30-27 (OT)",,11.0,0.0,0.0,,1.0,0.0,,MIN,4.0,12.0,4.8,,7.7,,5.8,106.0,23.0,0.0,,,@,joneaa00,2024,joneaa00_2024_gamelog.csv,False
,5.0,,,,75.0,2024-12-01,0.0,0.0,0.0,1.0,0.0,0.0,2.0,*,109.0,12.0,,,52.8,28.0,ARI,,,3.0,"W, 23-22",,12.0,0.0,0.0,,0.0,1.0,,MIN,4.0,13.0,4.4,,2.0,,1.5,22.0,6.0,0.0,,,,joneaa00,2024,joneaa00_2024_gamelog.csv,False
,13.0,,,,100.0,2024-12-08,0.0,0.0,0.0,0.0,0.0,0.0,0.0,*,110.0,13.0,,,63.3,38.0,ATL,,,2.0,"W, 42-21",,13.0,0.0,0.0,,1.0,0.0,,MIN,2.0,14.0,5.6,,5.5,,5.5,73.0,11.0,0.0,,,,joneaa00,2024,joneaa00_2024_gamelog.csv,False
,18.0,,,,66.7,2024-12-16,0.0,0.0,0.0,0.0,0.0,0.0,0.0,*,111.0,14.0,,,61.0,47.0,CHI,,,2.0,"W, 30-12",,14.0,0.0,0.0,,1.0,0.0,,MIN,3.0,15.0,4.8,,10.0,,6.7,86.0,20.0,0.0,,,,joneaa00,2024,joneaa00_2024_gamelog.csv,False
,18.0,,,,60.0,2024-12-22,0.0,0.0,0.0,0.0,0.0,0.0,0.0,*,112.0,15.0,,,81.8,54.0,SEA,,,3.0,"W, 27-24",,15.0,0.0,0.0,,0.0,0.0,,MIN,5.0,16.0,3.7,,8.7,,5.2,67.0,26.0,0.0,,,@,joneaa00,2024,joneaa00_2024_gamelog.csv,False
,12.0,,,,80.0,2024-12-29,0.0,0.0,0.0,0.0,0.0,0.0,0.0,*,113.0,16.0,,,51.4,37.0,GNB,,,4.0,"W, 27-25",,16.0,0.0,0.0,,0.0,0.0,,MIN,5.0,17.0,3.9,,7.5,,6.0,47.0,30.0,0.0,,,,joneaa00,2024,joneaa00_2024_gamelog.csv,False
,10.0,,,,83.3,2025-01-05,0.0,0.0,0.0,0.0,0.0,0.0,0.0,*,114.0,17.0,,,61.5,40.0,DET,,,5.0,"L, 9-31",,17.0,0.0,0.0,,0.0,0.0,,MIN,6.0,18.0,4.5,,6.0,,5.0,45.0,30.0,0.0,,,@,joneaa00,2024,joneaa00_2024_gamelog.csv,False
,255.0,,,,82.3,,0.0,0.0,0.0,3.0,1.0,0.0,5.0,,,,,,62.7,700.0,,,,51.0,14-3,,,0.0,0.0,,5.0,2.0,,,62.0,,4.5,,8.0,,6.6,1138.0,408.0,0.0,,,,joneaa00,2024,joneaa00_2024_gamelog.csv,False
,18.0,,,,100.0,2024-09-08,0.0,0.0,0.0,0.0,0.0,0.0,0.0,*,18.0,1.0,,,89.3,50.0,PIT,,,5.0,"L, 10-18",,1.0,0.0,0.0,,0.0,0.0,,ATL,5.0,1.0,3.8,,8.6,,8.6,68.0,43.0,0.0,,,,robibi01,2024,robibi01_2024_gamelog.csv,False
,14.0,,,,80.0,2024-09-16,0.0,0.0,0.0,0.0,1.0,0.0,0.0,*,19.0,2.0,,,75.4,46.0,PHI,,,4.0,"W, 22-21",,2.0,0.0,0.0,,0.0,0.0,,ATL,5.0,2.0,6.9,,6.3,,5.0,97.0,25.0,0.0,,,@,robibi01,2024,robibi01_2024_gamelog.csv,False
,16.0,,,,100.0,2024-09-22,0.0,0.0,0.0,0.0,1.0,0.0,0.0,*,20.0,3.0,,,82.0,50.0,KAN,,,2.0,"L, 17-22",,3.0,0.0,0.0,,1.0,0.0,,ATL,2.0,3.0,1.9,,10.5,,10.5,31.0,21.0,0.0,,,,robibi01,2024,robibi01_2024_gamelog.csv,False
,7.0,,,,100.0,2024-09-29,0.0,0.0,0.0,0.0,0.0,0.0,0.0,*,21.0,4.0,,,64.3,36.0,NOR,,,4.0,"W, 26-24",,4.0,0.0,0.0,,0.0,0.0,,ATL,4.0,4.0,4.0,,11.5,,11.5,28.0,46.0,0.0,,,,robibi01,2024,robibi01_2024_gamelog.csv,False
,12.0,,,,100.0,2024-10-03,0.0,0.0,0.0,0.0,0.0,0.0,0.0,*,22.0,5.0,,,66.7,58.0,TAM,,,3.0,"W, 36-30 (OT)",,5.0,0.0,0.0,,0.0,0.0,,ATL,3.0,5.0,5.1,,5.3,,5.3,61.0,16.0,0.0,,,,robibi01,2024,robibi01_2024_gamelog.csv,False
,15.0,,,,75.0,2024-10-13,0.0,0.0,0.0,0.0,0.0,0.0,0.0,*,23.0,6.0,,,55.7,39.0,CAR,,,3.0,"W, 38-20",,6.0,0.0,0.0,,2.0,0.0,,ATL,4.0,6.0,6.3,,3.3,,2.5,95.0,10.0,0.0,,,@,robibi01,2024,robibi01_2024_gamelog.csv,False
,21.0,,,,60.0,2024-10-20,0.0,0.0,0.0,0.0,0.0,0.0,0.0,*,24.0,7.0,,,68.5,50.0,SEA,,,3.0,"L, 14-34",,7.0,0.0,0.0,,1.0,0.0,,ATL,5.0,7.0,4.9,,13.3,,8.0,103.0,40.0,0.0,,,,robibi01,2024,robibi01_2024_gamelog.csv,False
,13.0,,,,100.0,2024-10-27,0.0,0.0,0.0,0.0,0.0,0.0,0.0,*,25.0,8.0,,,67.7,42.0,TAM,,,7.0,"W, 31-26",,8.0,0.0,0.0,,0.0,1.0,,ATL,7.0,8.0,4.8,,6.1,,6.1,63.0,43.0,0.0,,,@,robibi01,2024,robibi01_2024_gamelog.csv,False
,19.0,,,,100.0,2024-11-03,0.0,0.0,0.0,0.0,1.0,0.0,0.0,*,26.0,9.0,,,73.7,42.0,DAL,,,7.0,"W, 27-21",,9.0,0.0,0.0,,0.0,0.0,,ATL,7.0,9.0,4.5,,8.4,,8.4,86.0,59.0,0.0,,,,robibi01,2024,robibi01_2024_gamelog.csv,False
,20.0,,,,75.0,2024-11-10,0.0,0.0,0.0,0.0,0.0,0.0,0.0,*,27.0,10.0,,,78.2,61.0,NOR,,,3.0,"L, 17-20",,10.0,0.0,0.0,,2.0,0.0,,ATL,4.0,10.0,5.8,,9.3,,7.0,116.0,28.0,0.0,,,@,robibi01,2024,robibi01_2024_gamelog.csv,False
,12.0,,,,100.0,2024-11-17,0.0,0.0,0.0,0.0,0.0,0.0,0.0,*,28.0,11.0,,,71.2,42.0,DEN,,,4.0,"L, 6-38",,11.0,0.0,0.0,,0.0,0.0,,ATL,4.0,11.0,2.9,,7.0,,7.0,35.0,28.0,0.0,,,@,robibi01,2024,robibi01_2024_gamelog.csv,False
,26.0,,,,100.0,2024-12-01,0.0,0.0,0.0,0.0,0.0,0.0,0.0,*,29.0,12.0,,,75.3,61.0,LAC,,,6.0,"L, 13-17",,12.0,0.0,0.0,,1.0,0.0,,ATL,6.0,13.0,3.9,,5.5,,5.5,102.0,33.0,0.0,,,,robibi01,2024,robibi01_2024_gamelog.csv,False
,22.0,,,,100.0,2024-12-08,0.0,0.0,0.0,0.0,0.0,0.0,0.0,*,30.0,13.0,,,85.1,63.0,MIN,,,2.0,"L, 21-42",,13.0,0.0,0.0,,1.0,0.0,,ATL,2.0,14.0,4.2,,4.5,,4.5,92.0,9.0,0.0,,,@,robibi01,2024,robibi01_2024_gamelog.csv,False
,22.0,,,,50.0,2024-12-16,0.0,0.0,0.0,0.0,0.0,0.0,0.0,*,31.0,14.0,,,75.9,44.0,LVR,,,1.0,"W, 15-9",,14.0,0.0,0.0,,0.0,0.0,,ATL,2.0,15.0,5.7,,10.0,,5.0,125.0,10.0,0.0,,,@,robibi01,2024,robibi01_2024_gamelog.csv,False
,22.0,,,,100.0,2024-12-22,0.0,0.0,0.0,0.0,0.0,0.0,0.0,*,32.0,15.0,,,74.6,50.0,NYG,,,2.0,"W, 34-7",,15.0,0.0,0.0,,2.0,0.0,,ATL,2.0,16.0,4.3,,4.5,,4.5,94.0,9.0,0.0,,,,robibi01,2024,robibi01_2024_gamelog.csv,False
,17.0,,,,60.0,2024-12-29,0.0,0.0,0.0,0.0,1.0,0.0,1.0,*,33.0,16.0,,,90.6,58.0,WAS,,,3.0,"L, 24-30 (OT)",,16.0,0.0,0.0,,2.0,0.0,,ATL,5.0,17.0,5.3,,2.7,,1.6,90.0,8.0,-21.0,,,@,robibi01,2024,robibi01_2024_gamelog.csv,False
,28.0,,,,40.0,2025-01-05,0.0,0.0,0.0,0.0,0.0,0.0,0.0,*,34.0,17.0,,,87.3,69.0,CAR,,,2.0,"L, 38-44 (OT)",,17.0,0.0,0.0,,2.0,0.0,,ATL,5.0,18.0,6.1,,1.5,,0.6,170.0,3.0,0.0,,,,robibi01,2024,robibi01_2024_gamelog.csv,False
,304.0,,,,84.7,,0.0,0.0,0.0,0.0,4.0,0.0,1.0,,,,,,75.3,861.0,,,,61.0,8-9,,,0.0,0.0,,14.0,1.0,,,72.0,,4.8,,7.1,,6.0,1456.0,431.0,-21.0,,,,robibi01,2024,robibi01_2024_gamelog.csv,False
,16.0,,,,,2024-09-08,0.0,0.0,0.0,0.0,0.0,0.0,0.0,*,54.0,1.0,,,95.6,43.0,HOU,,,0.0,"L, 27-29",,1.0,0.0,0.0,,1.0,0.0,,IND,0.0,1.0,3.0,,,,,48.0,0.0,0.0,,,,tayljo02,2024,tayljo02_2024_gamelog.csv,False
,12.0,,,,50.0,2024-09-15,0.0,0.0,0.0,0.0,0.0,0.0,1.0,*,55.0,2.0,,,51.8,29.0,GNB,,,2.0,"L, 10-16",,2.0,0.0,0.0,,0.0,0.0,,IND,4.0,2.0,8.6,,16.0,,8.0,103.0,32.0,0.0,,,@,tayljo02,2024,tayljo02_2024_gamelog.csv,False
,23.0,,,,50.0,2024-09-22,0.0,0.0,0.0,0.0,0.0,0.0,0.0,*,56.0,3.0,,,87.5,49.0,CHI,,,1.0,"W, 21-16",,3.0,0.0,0.0,,2.0,0.0,,IND,2.0,3.0,4.8,,25.0,,12.5,110.0,25.0,0.0,,,,tayljo02,2024,tayljo02_2024_gamelog.csv,False
,21.0,,,,75.0,2024-09-29,0.0,0.0,0.0,0.0,0.0,0.0,0.0,*,57.0,4.0,,,72.7,48.0,PIT,,,3.0,"W, 27-24",,4.0,0.0,0.0,,1.0,0.0,,IND,4.0,4.0,4.2,,6.7,,5.0,88.0,20.0,0.0,,,,tayljo02,2024,tayljo02_2024_gamelog.csv,False
,,,,,,2024-10-06,,,,,,,,Inactive,,5.0,,,,,JAX,,,,"L, 34-37",,4.0,,,,,,,IND,,5.0,,,,,,,,,,,@,tayljo02,2024,tayljo02_2024_gamelog.csv,True
,,,,,,2024-10-13,,,,,,,,Inactive,,6.0,,,,,TEN,,,,"W, 20-17",,4.0,,,,,,,IND,,6.0,,,,,,,,,,,@,tayljo02,2024,tayljo02_2024_gamelog.csv,True
,,,,,,2024-10-20,,,,,,,,Inactive,,7.0,,,,,MIA,,,,"W, 16-10",,4.0,,,,,,,IND,,7.0,,,,,,,,,,,,tayljo02,2024,tayljo02_2024_gamelog.csv,True
,20.0,,,,100.0,2024-10-27,0.0,0.0,0.0,0.0,0.0,0.0,0.0,*,58.0,8.0,,,81.3,52.0,HOU,,,1.0,"L, 20-23",,5.0,0.0,0.0,,1.0,0.0,,IND,1.0,8.0,5.3,,12.0,,12.0,105.0,12.0,0.0,,,@,tayljo02,2024,tayljo02_2024_gamelog.csv,False
,13.0,,,,60.0,2024-11-03,0.0,0.0,0.0,0.0,0.0,0.0,0.0,*,59.0,9.0,,,72.2,39.0,MIN,,,3.0,"L, 13-21",,6.0,0.0,0.0,,0.0,0.0,,IND,5.0,9.0,3.7,,3.7,,2.2,48.0,11.0,0.0,,,@,tayljo02,2024,tayljo02_2024_gamelog.csv,False
,21.0,,,,50.0,2024-11-10,0.0,0.0,0.0,0.0,0.0,0.0,0.0,*,60.0,10.0,,,82.8,53.0,BUF,,,2.0,"L, 20-30",,7.0,0.0,0.0,,0.0,0.0,,IND,4.0,10.0,5.4,,4.0,,2.0,114.0,8.0,0.0,,,,tayljo02,2024,tayljo02_2024_gamelog.csv,False
,24.0,,,,50.0,2024-11-17,0.0,0.0,0.0,0.0,0.0,0.0,0.0,*,61.0,11.0,,,90.0,63.0,NYJ,,,1.0,"W, 28-27",,8.0,0.0,0.0,,0.0,0.0,,IND,2.0,11.0,2.4,,3.0,,1.5,57.0,3.0,0.0,,,@,tayljo02,2024,tayljo02_2024_gamelog.csv,False
,11.0,,,,,2024-11-24,0.0,0.0,0.0,0.0,0.0,0.0,1.0,*,62.0,12.0,,,96.4,53.0,DET,,,0.0,"L, 6-24",,9.0,0.0,0.0,,0.0,0.0,,IND,0.0,12.0,3.2,,,,,35.0,0.0,0.0,,,,tayljo02,2024,tayljo02_2024_gamelog.csv,False
,25.0,,,,100.0,2024-12-01,0.0,0.0,0.0,0.0,1.0,0.0,1.0,,63.0,13.0,,,88.7,55.0,NWE,,,1.0,"W, 25-24",,10.0,0.0,0.0,,0.0,1.0,,IND,1.0,13.0,3.8,,7.0,,7.0,96.0,7.0,0.0,,,@,tayljo02,2024,tayljo02_2024_gamelog.csv,False
,22.0,,,,50.0,2024-12-15,0.0,0.0,0.0,1.0,0.0,0.0,1.0,*,64.0,14.0,,,68.4,52.0,DEN,,,1.0,"L, 13-31",,11.0,0.0,0.0,,0.0,0.0,,IND,2.0,15.0,4.9,,4.0,,2.0,107.0,4.0,0.0,,,@,tayljo02,2024,tayljo02_2024_gamelog.csv,False
,29.0,,,,,2024-12-22,0.0,0.0,0.0,0.0,0.0,0.0,0.0,*,65.0,15.0,,,75.8,47.0,TEN,,,0.0,"W, 38-30",,12.0,0.0,0.0,,3.0,0.0,,IND,0.0,16.0,7.5,,,,,218.0,0.0,0.0,,,,tayljo02,2024,tayljo02_2024_gamelog.csv,False
,32.0,,,,50.0,2024-12-29,0.0,0.0,0.0,0.0,0.0,0.0,0.0,*,66.0,16.0,,,88.3,68.0,NYG,,,2.0,"L, 33-45",,13.0,0.0,0.0,,2.0,0.0,,IND,4.0,17.0,3.9,,5.5,,2.8,125.0,11.0,0.0,,,@,tayljo02,2024,tayljo02_2024_gamelog.csv,False
,34.0,,,,50.0,2025-01-05,0.0,0.0,0.0,0.0,0.0,0.0,0.0,*,67.0,17.0,,,71.8,56.0,JAX,,,1.0,"W, 26-23 (OT)",,14.0,0.0,0.0,,1.0,0.0,,IND,2.0,18.0,5.2,,3.0,,1.5,177.0,3.0,0.0,,,,tayljo02,2024,tayljo02_2024_gamelog.csv,False
,303.0,,,,58.1,,0.0,0.0,0.0,1.0,1.0,0.0,4.0,,,,,,79.9,707.0,,,,18.0,6-8,,,0.0,0.0,,11.0,1.0,,,31.0,,4.7,,7.6,,4.4,1431.0,136.0,0.0,,,,tayljo02,2024,tayljo02_2024_gamelog.csv,False
,,,,,,2024-09-09,,,,,,,,Inactive,,1.0,,,,,NYJ,,,,"W, 32-19",,,,,,,,,SFO,,1.0,,,,,,,,,,,,mccach01,2024,mccach01_2024_gamelog.csv,True
,,,,,,2024-09-15,,,,,,,,Did Not Play,,2.0,,,,,MIN,,,,"L, 17-23",,,,,,,,,SFO,,2.0,,,,,,,,,,,@,mccach01,2024,mccach01_2024_gamelog.csv,True
,,,,,,2024-09-22,,,,,,,,Did Not Play,,3.0,,,,,LAR,,,,"L, 24-27",,,,,,,,,SFO,,3.0,,,,,,,,,,,@,mccach01,2024,mccach01_2024_gamelog.csv,True
,,,,,,2024-09-29,,,,,,,,Did Not Play,,4.0,,,,,NWE,,,,"W, 30-13",,,,,,,,,SFO,,4.0,,,,,,,,,,,,mccach01,2024,mccach01_2024_gamelog.csv,True
,,,,,,2024-10-06,,,,,,,,Did Not Play,,5.0,,,,,ARI,,,,"L, 23-24",,,,,,,,,SFO,,5.0,,,,,,,,,,,,mccach01,2024,mccach01_2024_gamelog.csv,True
,,,,,,2024-10-10,,,,,,,,Did Not Play,,6.0,,,,,SEA,,,,"W, 36-24",,,,,,,,,SFO,,6.0,,,,,,,,,,,@,mccach01,2024,mccach01_2024_gamelog.csv,True
,,,,,,2024-10-20,,,,,,,,Did Not Play,,7.0,,,,,KAN,,,,"L, 18-28",,,,,,,,,SFO,,7.0,,,,,,,,,,,,mccach01,2024,mccach01_2024_gamelog.csv,True
,,,,,,2024-10-27,,,,,,,,Did Not Play,,8.0,,,,,DAL,,,,"W, 30-24",,,,,,,,,SFO,,8.0,,,,,,,,,,,,mccach01,2024,mccach01_2024_gamelog.csv,True
,13.0,,,,85.7,2024-11-10,0.0,0.0,0.0,0.0,0.0,0.0,0.0,*,92.0,9.0,,,87.5,56.0,TAM,,,6.0,"W, 23-20",,1.0,0.0,0.0,,0.0,0.0,,SFO,7.0,10.0,3.0,,11.3,,9.7,39.0,68.0,0.0,,,@,mccach01,2024,mccach01_2024_gamelog.csv,False
,19.0,,,,80.0,2024-11-17,0.0,0.0,0.0,0.0,0.0,0.0,0.0,*,93.0,10.0,,,93.7,59.0,SEA,,,4.0,"L, 17-20",,2.0,0.0,0.0,,0.0,0.0,,SFO,5.0,11.0,4.2,,6.8,,5.4,79.0,27.0,0.0,,,,mccach01,2024,mccach01_2024_gamelog.csv,False
,11.0,,,,75.0,2024-11-24,0.0,0.0,0.0,1.0,0.0,0.0,1.0,*,94.0,11.0,,,81.6,40.0,GNB,,,3.0,"L, 10-38",,3.0,0.0,0.0,,0.0,0.0,,SFO,4.0,12.0,2.8,,12.3,,9.3,31.0,37.0,0.0,,,@,mccach01,2024,mccach01_2024_gamelog.csv,False
,7.0,,,,66.7,2024-12-01,0.0,0.0,0.0,0.0,0.0,0.0,0.0,*,95.0,12.0,,,25.0,12.0,BUF,,,2.0,"L, 10-35",,4.0,0.0,0.0,,0.0,0.0,,SFO,3.0,13.0,7.6,,7.0,,4.7,53.0,14.0,0.0,,,@,mccach01,2024,mccach01_2024_gamelog.csv,False
,,,,,,2024-12-08,,,,,,,,Did Not Play,,13.0,,,,,CHI,,,,"W, 38-13",,4.0,,,,,,,SFO,,14.0,,,,,,,,,,,,mccach01,2024,mccach01_2024_gamelog.csv,True
,,,,,,2024-12-12,,,,,,,,Did Not Play,,14.0,,,,,LAR,,,,"L, 6-12",,4.0,,,,,,,SFO,,15.0,,,,,,,,,,,,mccach01,2024,mccach01_2024_gamelog.csv,True
,,,,,,2024-12-22,,,,,,,,Did Not Play,,15.0,,,,,MIA,,,,"L, 17-29",,4.0,,,,,,,SFO,,16.0,,,,,,,,,,,@,mccach01,2024,mccach01_2024_gamelog.csv,True
,,,,,,2024-12-30,,,,,,,,Did Not Play,,16.0,,,,,DET,,,,"L, 34-40",,4.0,,,,,,,SFO,,17.0,,,,,,,,,,,,mccach01,2024,mccach01_2024_gamelog.csv,True
,,,,,,2025-01-05,,,,,,,,Did Not Play,,17.0,,,,,ARI,,,,"L, 24-47",,4.0,,,,,,,SFO,,18.0,,,,,,,,,,,@,mccach01,2024,mccach01_2024_gamelog.csv,True
,50.0,,,,78.9,,0.0,0.0,0.0,1.0,0.0,0.0,1.0,,,,,,74.6,167.0,,,,15.0,1-3,,,0.0,0.0,,0.0,0.0,,,19.0,,4.0,,9.7,,7.7,202.0,146.0,0.0,,,,mccach01,2024,mccach01_2024_gamelog.csv,False
,,,,,,2024-09-08,,,,,,,,Did Not Play,,1.0,,,,,DAL,,,,"L, 17-33",,,,,,,,,CLE,,1.0,,,,,,,,,,,,chubni00,2024,chubni00_2024_gamelog.csv,True
,,,,,,2024-09-15,,,,,,,,Did Not Play,,2.0,,,,,JAX,,,,"W, 18-13",,,,,,,,,CLE,,2.0,,,,,,,,,,,@,chubni00,2024,chubni00_2024_gamelog.csv,True
,,,,,,2024-09-22,,,,,,,,Did Not Play,,3.0,,,,,NYG,,,,"L, 15-21",,,,,,,,,CLE,,3.0,,,,,,,,,,,,chubni00,2024,chubni00_2024_gamelog.csv,True
,,,,,,2024-09-29,,,,,,,,Did Not Play,,4.0,,,,,LVR,,,,"L, 16-20",,,,,,,,,CLE,,4.0,,,,,,,,,,,@,chubni00,2024,chubni00_2024_gamelog.csv,True
,,,,,,2024-10-06,,,,,,,,Did Not Play,,5.0,,,,,WAS,,,,"L, 13-34",,,,,,,,,CLE,,5.0,,,,,,,,,,,@,chubni00,2024,chubni00_2024_gamelog.csv,True
,,,,,,2024-10-13,,,,,,,,Did Not Play,,6.0,,,,,PHI,,,,"L, 16-20",,,,,,,,,CLE,,6.0,,,,,,,,,,,@,chubni00,2024,chubni00_2024_gamelog.csv,True
,11.0,,,,33.3,2024-10-20,0.0,0.0,0.0,0.0,0.0,0.0,0.0,*,78.0,7.0,,,35.7,30.0,CIN,,,1.0,"L, 14-21",,1.0,0.0,0.0,,1.0,0.0,,CLE,3.0,7.0,2.0,,10.0,,3.3,22.0,10.0,0.0,,,,chubni00,2024,chubni00_2024_gamelog.csv,False
,16.0,,,,0.0,2024-10-27,0.0,0.0,0.0,0.0,0.0,0.0,0.0,*,79.0,8.0,,,59.4,41.0,BAL,,,0.0,"W, 29-24",,2.0,0.0,0.0,,0.0,0.0,,CLE,2.0,8.0,3.3,,,,0.0,52.0,0.0,0.0,,,,chubni00,2024,chubni00_2024_gamelog.csv,False
,15.0,,,,100.0,2024-11-03,0.0,0.0,0.0,0.0,0.0,0.0,0.0,*,80.0,9.0,,,35.4,28.0,LAC,,,1.0,"L, 10-27",,3.0,0.0,0.0,,0.0,0.0,,CLE,1.0,9.0,2.6,,-4.0,,-4.0,39.0,-4.0,0.0,,,,chubni00,2024,chubni00_2024_gamelog.csv,False
,11.0,,,,,2024-11-17,0.0,0.0,0.0,0.0,0.0,0.0,0.0,*,81.0,10.0,,,30.1,22.0,NOR,,,0.0,"L, 14-35",,4.0,0.0,0.0,,0.0,0.0,,CLE,0.0,11.0,4.5,,,,,50.0,0.0,0.0,,,@,chubni00,2024,chubni00_2024_gamelog.csv,False
,20.0,,,,100.0,2024-11-21,0.0,0.0,0.0,0.0,0.0,0.0,0.0,*,82.0,11.0,,,65.5,38.0,PIT,,,1.0,"W, 24-19",,5.0,0.0,0.0,,2.0,0.0,,CLE,1.0,12.0,3.0,,1.0,,1.0,59.0,1.0,0.0,,,,chubni00,2024,chubni00_2024_gamelog.csv,False
,9.0,,,,100.0,2024-12-02,0.0,0.0,0.0,0.0,0.0,0.0,0.0,*,83.0,12.0,,,33.7,29.0,DEN,,,2.0,"L, 32-41",,6.0,0.0,0.0,,0.0,1.0,,CLE,2.0,13.0,2.3,,12.0,,12.0,21.0,24.0,0.0,,,@,chubni00,2024,chubni00_2024_gamelog.csv,False
,11.0,,,,0.0,2024-12-08,0.0,0.0,0.0,0.0,0.0,0.0,0.0,*,84.0,13.0,,,36.1,26.0,PIT,,,0.0,"L, 14-27",,7.0,0.0,0.0,,0.0,0.0,,CLE,1.0,14.0,4.4,,,,0.0,48.0,0.0,0.0,,,@,chubni00,2024,chubni00_2024_gamelog.csv,False
,9.0,,,,0.0,2024-12-15,0.0,0.0,0.0,1.0,0.0,0.0,1.0,*,85.0,14.0,,,33.9,21.0,KAN,,,0.0,"L, 7-21",,8.0,0.0,0.0,,0.0,0.0,,CLE,1.0,15.0,4.6,,,,0.0,41.0,0.0,0.0,,,,chubni00,2024,chubni00_2024_gamelog.csv,False
,,,,,,2024-12-22,,,,,,,,Did Not Play,,15.0,,,,,CIN,,,,"L, 6-24",,8.0,,,,,,,CLE,,16.0,,,,,,,,,,,@,chubni00,2024,chubni00_2024_gamelog.csv,True
,,,,,,2024-12-29,,,,,,,,Did Not Play,,16.0,,,,,MIA,,,,"L, 3-20",,8.0,,,,,,,CLE,,17.0,,,,,,,,,,,,chubni00,2024,chubni00_2024_gamelog.csv,True
,,,,,,2025-01-04,,,,,,,,Did Not Play,,17.0,,,,,BAL,,,,"L, 10-35",,8.0,,,,,,,CLE,,18.0,,,,,,,,,,,@,chubni00,2024,chubni00_2024_gamelog.csv,True
,102.0,,,,45.5,,0.0,0.0,0.0,1.0,0.0,0.0,1.0,,,,,,40.3,235.0,,,,5.0,2-6,,,0.0,0.0,,3.0,1.0,,,11.0,,3.3,,6.2,,2.8,332.0,31.0,0.0,,,,chubni00,2024,chubni00_2024_gamelog.csv,False
,2.0,,,,100.0,2024-09-08,0.0,0.0,0.0,0.0,0.0,0.0,0.0,,104.0,1.0,,0.0,52.5,31.0,TAM,,,4.0,"L, 20-37",2.0,1.0,29.6,8.0,,0.0,0.0,,WAS,4.0,1.0,5.0,,13.0,24.0,13.0,10.0,52.0,48.0,0.0,,@,ekelau00,2024,ekelau00_2024_gamelog.csv,False
,8.0,,,,100.0,2024-09-15,0.0,0.0,0.0,0.0,0.0,0.0,0.0,,105.0,2.0,,0.0,43.1,31.0,NYG,,,3.0,"W, 21-18",1.0,2.0,19.0,4.0,,0.0,0.0,,WAS,3.0,2.0,4.8,,15.7,35.0,15.7,38.0,47.0,35.0,0.0,,,ekelau00,2024,ekelau00_2024_gamelog.csv,False
,3.0,,,,100.0,2024-09-23,0.0,0.0,0.0,0.0,0.0,0.0,0.0,*,106.0,3.0,,0.0,22.0,13.0,CIN,,,2.0,"W, 38-33",1.0,3.0,15.4,4.0,,1.0,0.0,,WAS,2.0,3.0,11.7,,11.0,62.0,11.0,35.0,22.0,62.0,0.0,,@,ekelau00,2024,ekelau00_2024_gamelog.csv,False
,,,,,,2024-09-29,,,,,,,,Inactive,,4.0,,,,,ARI,,,,"W, 42-14",,3.0,,,,,,,WAS,,4.0,,,,,,,,,,,@,ekelau00,2024,ekelau00_2024_gamelog.csv,True
,6.0,,,,100.0,2024-10-06,0.0,0.0,0.0,0.0,0.0,0.0,1.0,,107.0,5.0,,0.0,49.3,33.0,CLE,,,2.0,"W, 34-13",2.0,4.0,12.9,4.0,,0.0,0.0,,WAS,2.0,5.0,11.2,,15.0,23.0,15.0,67.0,30.0,46.0,0.0,,,ekelau00,2024,ekelau00_2024_gamelog.csv,False
,9.0,,,,80.0,2024-10-13,0.0,0.0,0.0,0.0,0.0,0.0,0.0,*,108.0,6.0,,0.0,74.6,44.0,BAL,,,4.0,"L, 23-30",1.0,5.0,24.1,7.0,,0.0,0.0,,WAS,5.0,6.0,2.3,,11.8,32.0,9.4,21.0,47.0,32.0,0.0,,@,ekelau00,2024,ekelau00_2024_gamelog.csv,False
,4.0,,,,100.0,2024-10-20,0.0,0.0,0.0,0.0,0.0,0.0,0.0,*,109.0,7.0,,0.0,40.6,28.0,CAR,,,2.0,"W, 40-7",1.0,6.0,7.7,2.0,,0.0,0.0,,WAS,2.0,7.0,4.3,,1.5,34.0,1.5,17.0,3.0,34.0,0.0,,,ekelau00,2024,ekelau00_2024_gamelog.csv,False
,7.0,,,,66.7,2024-10-27,0.0,0.0,0.0,0.0,0.0,0.0,0.0,,110.0,8.0,,0.0,56.8,42.0,CHI,,,2.0,"W, 18-15",1.0,7.0,11.5,3.0,,0.0,0.0,,WAS,3.0,8.0,7.4,,3.0,24.0,2.0,52.0,6.0,24.0,0.0,,,ekelau00,2024,ekelau00_2024_gamelog.csv,False
,11.0,,,,75.0,2024-11-03,0.0,0.0,0.0,0.0,0.0,0.0,0.0,*,111.0,9.0,,0.0,46.8,29.0,NYG,,,3.0,"W, 27-22",1.0,8.0,22.7,5.0,,1.0,0.0,,WAS,4.0,9.0,3.8,,13.7,35.0,10.3,42.0,41.0,35.0,0.0,,@,ekelau00,2024,ekelau00_2024_gamelog.csv,False
,13.0,,,,50.0,2024-11-10,0.0,0.0,0.0,0.0,0.0,0.0,0.0,*,112.0,10.0,,0.0,70.3,45.0,PIT,,,1.0,"L, 27-28",4.0,9.0,15.6,5.0,,2.0,0.0,,WAS,2.0,10.0,3.4,,7.0,29.5,3.5,44.0,7.0,118.0,0.0,,,ekelau00,2024,ekelau00_2024_gamelog.csv,False
,2.0,,,,88.9,2024-11-14,0.0,0.0,0.0,0.0,0.0,0.0,1.0,*,113.0,11.0,,0.0,51.5,34.0,PHI,,,8.0,"L, 18-26",2.0,10.0,22.2,6.0,,0.0,0.0,,WAS,9.0,11.0,3.5,,11.1,29.5,9.9,7.0,89.0,59.0,0.0,,@,ekelau00,2024,ekelau00_2024_gamelog.csv,False
,9.0,,,,66.7,2024-11-24,0.0,0.0,0.0,0.0,0.0,0.0,1.0,,114.0,12.0,,0.0,62.9,44.0,DAL,,,2.0,"L, 26-34",3.0,11.0,18.4,7.0,,0.0,0.0,,WAS,3.0,12.0,2.4,,1.0,33.7,0.7,22.0,2.0,101.0,0.0,,,ekelau00,2024,ekelau00_2024_gamelog.csv,False
,,,,,,2024-12-01,,,,,,,,Did Not Play,,13.0,,,,,TEN,,,,"W, 42-19",,11.0,,,,,,,WAS,,13.0,,,,,,,,,,,,ekelau00,2024,ekelau00_2024_gamelog.csv,True
,,,,,,2024-12-15,,,,,,,,Did Not Play,,14.0,,,,,NOR,,,,"W, 20-19",,11.0,,,,,,,WAS,,15.0,,,,,,,,,,,@,ekelau00,2024,ekelau00_2024_gamelog.csv,True
,,,,,,2024-12-22,,,,,,,,Did Not Play,,15.0,,,,,PHI,,,,"W, 36-33",,11.0,,,,,,,WAS,,16.0,,,,,,,,,,,,ekelau00,2024,ekelau00_2024_gamelog.csv,True
,,,,,,2024-12-29,,,,,,,,Did Not Play,,16.0,,,,,ATL,,,,"W, 30-24 (OT)",,11.0,,,,,,,WAS,,17.0,,,,,,,,,,,,ekelau00,2024,ekelau00_2024_gamelog.csv,True
,3.0,,,,100.0,2025-01-05,0.0,0.0,0.0,0.0,0.0,0.0,0.0,,115.0,17.0,,0.0,60.3,35.0,DAL,,,2.0,"W, 23-19",0.0,12.0,3.6,1.0,,0.0,0.0,,WAS,2.0,18.0,4.0,,10.0,,10.0,12.0,20.0,0.0,0.0,,@,ekelau00,2024,ekelau00_2024_gamelog.csv,False
,77.0,,,,85.4,,0.0,0.0,0.0,0.0,0.0,0.0,3.0,,,,,0.0,52.5,409.0,,,,35.0,7-5,19.0,,16.8,56.0,,4.0,0.0,,,41.0,,4.8,,10.5,31.3,8.9,367.0,366.0,594.0,0.0,,,ekelau00,2024,ekelau00_2024_gamelog.csv,False
,15.0,,,,100.0,2024-09-08,0.0,0.0,0.0,0.0,0.0,0.0,0.0,*,102.0,1.0,,,51.5,34.0,CAR,,,5.0,"W, 47-10",,1.0,0.0,0.0,,1.0,0.0,,NOR,5.0,1.0,5.5,,5.4,,5.4,83.0,27.0,0.0,,,,kamaal00,2024,kamaal00_2024_gamelog.csv,False
,20.0,,,,66.7,2024-09-15,0.0,0.0,0.0,0.0,0.0,0.0,0.0,*,103.0,2.0,,,62.7,37.0,DAL,,,2.0,"W, 44-19",,2.0,0.0,0.0,,3.0,1.0,,NOR,3.0,2.0,5.8,,32.5,,21.7,115.0,65.0,0.0,,,@,kamaal00,2024,kamaal00_2024_gamelog.csv,False
,26.0,,,,100.0,2024-09-22,0.0,0.0,0.0,0.0,0.0,0.0,0.0,*,104.0,3.0,,,85.7,48.0,PHI,,,3.0,"L, 12-15",,3.0,0.0,0.0,,0.0,0.0,,NOR,3.0,3.0,3.3,,13.3,,13.3,87.0,40.0,0.0,,,,kamaal00,2024,kamaal00_2024_gamelog.csv,False
,19.0,,,,77.8,2024-09-29,0.0,0.0,0.0,0.0,0.0,0.0,0.0,*,105.0,4.0,,,82.4,61.0,ATL,,,7.0,"L, 24-26",,4.0,0.0,0.0,,1.0,0.0,,NOR,9.0,4.0,4.1,,6.0,,4.7,77.0,42.0,0.0,,,@,kamaal00,2024,kamaal00_2024_gamelog.csv,False
,11.0,,,,75.0,2024-10-07,0.0,0.0,0.0,0.0,0.0,0.0,0.0,*,106.0,5.0,,,88.7,47.0,KAN,,,6.0,"L, 13-26",,5.0,0.0,0.0,,0.0,0.0,,NOR,8.0,5.0,2.4,,6.7,,5.0,26.0,40.0,0.0,,,@,kamaal00,2024,kamaal00_2024_gamelog.csv,False
,13.0,,,,62.5,2024-10-13,0.0,0.0,0.0,0.0,0.0,0.0,1.0,*,107.0,6.0,,,74.3,52.0,TAM,,,5.0,"L, 27-51",,6.0,0.0,0.0,,1.0,0.0,,NOR,8.0,6.0,3.1,,4.8,,3.0,40.0,24.0,0.0,,,,kamaal00,2024,kamaal00_2024_gamelog.csv,False
,7.0,,,,85.7,2024-10-17,0.0,0.0,0.0,0.0,0.0,0.0,0.0,*,108.0,7.0,,,57.1,40.0,DEN,,,6.0,"L, 10-33",,7.0,0.0,0.0,,0.0,0.0,,NOR,7.0,7.0,1.4,,2.3,,2.0,10.0,14.0,0.0,,,,kamaal00,2024,kamaal00_2024_gamelog.csv,False
,10.0,,,,54.5,2024-10-27,0.0,0.0,0.0,0.0,0.0,0.0,0.0,*,109.0,8.0,,,54.8,40.0,LAC,,,6.0,"L, 8-26",,8.0,0.0,0.0,,0.0,0.0,,NOR,11.0,8.0,6.7,,9.2,,5.0,67.0,55.0,0.0,,,@,kamaal00,2024,kamaal00_2024_gamelog.csv,False
,29.0,,,,66.7,2024-11-03,0.0,0.0,0.0,0.0,0.0,0.0,0.0,*,110.0,9.0,,,77.2,61.0,CAR,,,6.0,"L, 22-23",,9.0,0.0,0.0,,0.0,0.0,,NOR,9.0,9.0,5.3,,10.0,,6.7,155.0,60.0,0.0,,,@,kamaal00,2024,kamaal00_2024_gamelog.csv,False
,17.0,,,,83.3,2024-11-10,0.0,0.0,0.0,0.0,0.0,0.0,0.0,*,111.0,10.0,,,81.1,43.0,ATL,,,5.0,"W, 20-17",,10.0,0.0,0.0,,0.0,0.0,,NOR,6.0,10.0,3.2,,10.8,,9.0,55.0,54.0,0.0,,,,kamaal00,2024,kamaal00_2024_gamelog.csv,False
,16.0,,,,100.0,2024-11-17,0.0,0.0,0.0,0.0,0.0,0.0,0.0,*,112.0,11.0,,,73.3,44.0,CLE,,,4.0,"W, 35-14",,11.0,0.0,0.0,,0.0,0.0,,NOR,4.0,11.0,4.2,,5.5,,5.5,67.0,22.0,0.0,,,,kamaal00,2024,kamaal00_2024_gamelog.csv,False
,23.0,,,,66.7,2024-12-01,0.0,0.0,0.0,0.0,0.0,0.0,0.0,*,113.0,12.0,,,85.7,60.0,LAR,,,4.0,"L, 14-21",,12.0,0.0,0.0,,0.0,0.0,,NOR,6.0,13.0,4.9,,1.8,,1.2,112.0,7.0,0.0,,,,kamaal00,2024,kamaal00_2024_gamelog.csv,False
,17.0,,,,100.0,2024-12-08,0.0,0.0,0.0,0.0,0.0,0.0,0.0,*,114.0,13.0,,,72.1,49.0,NYG,,,5.0,"W, 14-11",,13.0,0.0,0.0,,0.0,0.0,,NOR,5.0,14.0,2.6,,7.0,,7.0,44.0,35.0,0.0,,,@,kamaal00,2024,kamaal00_2024_gamelog.csv,False
,5.0,,,,80.0,2024-12-15,0.0,0.0,0.0,0.0,0.0,0.0,0.0,*,115.0,14.0,,,45.5,25.0,WAS,,,4.0,"L, 19-20",,14.0,0.0,0.0,,0.0,1.0,,NOR,5.0,15.0,2.4,,14.5,,11.6,12.0,58.0,0.0,,,,kamaal00,2024,kamaal00_2024_gamelog.csv,False
,,,,,,2024-12-23,,,,,,,,Inactive,,15.0,,,,,GNB,,,,"L, 0-34",,14.0,,,,,,,NOR,,16.0,,,,,,,,,,,@,kamaal00,2024,kamaal00_2024_gamelog.csv,True
,,,,,,2024-12-29,,,,,,,,Inactive,,16.0,,,,,LVR,,,,"L, 10-25",,14.0,,,,,,,NOR,,17.0,,,,,,,,,,,,kamaal00,2024,kamaal00_2024_gamelog.csv,True
,,,,,,2025-01-05,,,,,,,,Inactive,,17.0,,,,,TAM,,,,"L, 19-27",,14.0,,,,,,,NOR,,18.0,,,,,,,,,,,@,kamaal00,2024,kamaal00_2024_gamelog.csv,True
,228.0,,,,76.4,,0.0,0.0,0.0,0.0,0.0,0.0,1.0,,,,,,70.8,641.0,,,,68.0,5-9,,,0.0,0.0,,6.0,2.0,,,89.0,,4.2,,8.0,,6.1,950.0,543.0,0.0,,,,kamaal00,2024,kamaal00_2024_gamelog.csv,False
,12.0,,,,66.7,2024-09-08,0.0,0.0,0.0,1.0,0.0,0.0,1.0,*,35.0,1.0,,,69.8,37.0,MIA,,,2.0,"L, 17-20",,1.0,0.0,0.0,,1.0,0.0,,JAX,3.0,1.0,3.7,,7.5,,5.0,44.0,15.0,0.0,,,@,etietr00,2024,etietr00_2024_gamelog.csv,False
,13.0,,,,75.0,2024-09-15,0.0,0.0,0.0,0.0,0.0,0.0,0.0,*,36.0,2.0,,,71.7,43.0,CLE,,,3.0,"L, 13-18",,2.0,0.0,0.0,,1.0,0.0,,JAX,4.0,2.0,4.0,,2.0,,1.5,52.0,6.0,0.0,,,,etietr00,2024,etietr00_2024_gamelog.csv,False
,11.0,,,,66.7,2024-09-23,0.0,0.0,0.0,0.0,0.0,0.0,0.0,*,37.0,3.0,,,69.0,49.0,BUF,,,4.0,"L, 10-47",,3.0,0.0,0.0,,0.0,0.0,,JAX,6.0,3.0,6.2,,4.3,,2.8,68.0,17.0,0.0,,,@,etietr00,2024,etietr00_2024_gamelog.csv,False
,11.0,,,,50.0,2024-09-29,0.0,0.0,0.0,0.0,1.0,0.0,0.0,*,38.0,4.0,,,51.7,30.0,HOU,,,1.0,"L, 20-24",,4.0,0.0,0.0,,0.0,0.0,,JAX,2.0,4.0,4.5,,10.0,,5.0,50.0,10.0,0.0,,,@,etietr00,2024,etietr00_2024_gamelog.csv,False
,6.0,,,,85.7,2024-10-06,0.0,0.0,0.0,0.0,0.0,0.0,0.0,*,39.0,5.0,,,37.9,22.0,IND,,,6.0,"W, 37-34",,5.0,0.0,0.0,,0.0,0.0,,JAX,7.0,5.0,2.8,,7.2,,6.1,17.0,43.0,0.0,,,,etietr00,2024,etietr00_2024_gamelog.csv,False
,3.0,,,,0.0,2024-10-13,0.0,0.0,0.0,0.0,0.0,0.0,0.0,*,40.0,6.0,,,17.7,11.0,CHI,,,0.0,"L, 16-35",,6.0,0.0,0.0,,0.0,0.0,,JAX,1.0,6.0,-0.3,,,,0.0,-1.0,0.0,0.0,,,@,etietr00,2024,etietr00_2024_gamelog.csv,False
,,,,,,2024-10-20,,,,,,,,Inactive,,7.0,,,,,NWE,,,,"W, 32-16",,6.0,,,,,,,JAX,,7.0,,,,,,,,,,,,etietr00,2024,etietr00_2024_gamelog.csv,True
,,,,,,2024-10-27,,,,,,,,Inactive,,8.0,,,,,GNB,,,,"L, 27-30",,6.0,,,,,,,JAX,,8.0,,,,,,,,,,,,etietr00,2024,etietr00_2024_gamelog.csv,True
,3.0,,,,66.7,2024-11-03,0.0,0.0,0.0,0.0,0.0,0.0,0.0,*,41.0,9.0,,,31.5,17.0,PHI,,,2.0,"L, 23-28",,7.0,0.0,0.0,,0.0,0.0,,JAX,3.0,9.0,8.0,,3.0,,2.0,24.0,6.0,0.0,,,@,etietr00,2024,etietr00_2024_gamelog.csv,False
,11.0,,,,100.0,2024-11-10,0.0,0.0,0.0,0.0,0.0,0.0,0.0,*,42.0,10.0,,,68.2,30.0,MIN,,,1.0,"L, 7-12",,8.0,0.0,0.0,,0.0,0.0,,JAX,1.0,10.0,4.0,,-1.0,,-1.0,44.0,-1.0,0.0,,,,etietr00,2024,etietr00_2024_gamelog.csv,False
,12.0,,,,100.0,2024-11-17,0.0,0.0,0.0,0.0,0.0,0.0,0.0,*,43.0,11.0,,,75.0,36.0,DET,,,3.0,"L, 6-52",,9.0,0.0,0.0,,0.0,0.0,,JAX,3.0,11.0,2.3,,2.0,,2.0,27.0,6.0,0.0,,,@,etietr00,2024,etietr00_2024_gamelog.csv,False
,13.0,,,,100.0,2024-12-01,0.0,0.0,0.0,0.0,0.0,0.0,0.0,*,44.0,12.0,,,52.9,37.0,HOU,,,3.0,"L, 20-23",,10.0,0.0,0.0,,0.0,0.0,,JAX,3.0,13.0,3.5,,4.0,,4.0,46.0,12.0,0.0,,,,etietr00,2024,etietr00_2024_gamelog.csv,False
,4.0,,,,100.0,2024-12-08,0.0,0.0,0.0,0.0,0.0,0.0,0.0,*,45.0,13.0,,,47.5,28.0,TEN,,,4.0,"W, 10-6",,11.0,0.0,0.0,,0.0,0.0,,JAX,4.0,14.0,5.0,,12.5,,12.5,20.0,50.0,0.0,,,@,etietr00,2024,etietr00_2024_gamelog.csv,False
,14.0,,,,80.0,2024-12-15,0.0,0.0,0.0,0.0,0.0,0.0,0.0,*,46.0,14.0,,,72.6,61.0,NYJ,,,4.0,"L, 25-32",,12.0,0.0,0.0,,0.0,0.0,,JAX,5.0,15.0,4.6,,5.0,,4.0,65.0,20.0,0.0,,,,etietr00,2024,etietr00_2024_gamelog.csv,False
,9.0,,,,66.7,2024-12-22,0.0,0.0,0.0,0.0,0.0,0.0,0.0,*,47.0,15.0,,,52.2,35.0,LVR,,,2.0,"L, 14-19",,13.0,0.0,0.0,,0.0,0.0,,JAX,3.0,16.0,2.4,,7.5,,5.0,22.0,15.0,0.0,,,@,etietr00,2024,etietr00_2024_gamelog.csv,False
,15.0,,,,50.0,2024-12-29,0.0,0.0,0.0,0.0,0.0,0.0,0.0,*,48.0,16.0,,,48.3,28.0,TEN,,,1.0,"W, 20-13",,14.0,0.0,0.0,,0.0,0.0,,JAX,2.0,17.0,3.3,,26.0,,13.0,49.0,26.0,0.0,,,,etietr00,2024,etietr00_2024_gamelog.csv,False
,13.0,,,,60.0,2025-01-05,0.0,0.0,0.0,0.0,0.0,0.0,0.0,*,49.0,17.0,,,43.5,30.0,IND,,,3.0,"L, 23-26 (OT)",,15.0,0.0,0.0,,0.0,0.0,,JAX,5.0,18.0,2.4,,9.7,,5.8,31.0,29.0,0.0,,,@,etietr00,2024,etietr00_2024_gamelog.csv,False
,150.0,,,,75.0,,0.0,0.0,0.0,1.0,1.0,0.0,1.0,,,,,,54.0,494.0,,,,39.0,3-12,,,0.0,0.0,,2.0,0.0,,,52.0,,3.7,,6.5,,4.9,558.0,254.0,0.0,,,,etietr00,2024,etietr00_2024_gamelog.csv,False
,20.0,,,,50.0,2024-09-08,0.0,0.0,,,,,,*,52.0,1.0,,,55.9,38.0,ATL,,,1.0,"W, 18-10",,1.0,0.0,0.0,,0.0,0.0,,PIT,2.0,1.0,3.5,,9.0,,4.5,70.0,9.0,,,,@,harrna00,2024,harrna00_2024_gamelog.csv,False
,17.0,,,,50.0,2024-09-15,0.0,0.0,,,,,,*,53.0,2.0,,,45.5,30.0,DEN,,,1.0,"W, 13-6",,2.0,0.0,0.0,,0.0,0.0,,PIT,2.0,2.0,4.1,,5.0,,2.5,69.0,5.0,,,,@,harrna00,2024,harrna00_2024_gamelog.csv,False
,18.0,,,,100.0,2024-09-22,0.0,0.0,,,,,,*,54.0,3.0,,,58.8,40.0,LAC,,,5.0,"W, 20-10",,3.0,0.0,0.0,,0.0,0.0,,PIT,5.0,3.0,3.9,,3.2,,3.2,70.0,16.0,,,,,harrna00,2024,harrna00_2024_gamelog.csv,False
,13.0,,,,50.0,2024-09-29,0.0,0.0,,,,,,*,55.0,4.0,,,68.6,48.0,IND,,,3.0,"L, 24-27",,4.0,0.0,0.0,,0.0,0.0,,PIT,6.0,4.0,1.5,,18.0,,9.0,19.0,54.0,,,,@,harrna00,2024,harrna00_2024_gamelog.csv,False
,14.0,,,,100.0,2024-10-06,0.0,0.0,,,,,,*,56.0,5.0,,,74.1,43.0,DAL,,,2.0,"L, 17-20",,5.0,0.0,0.0,,0.0,0.0,,PIT,2.0,5.0,3.0,,17.5,,17.5,42.0,35.0,,,,,harrna00,2024,harrna00_2024_gamelog.csv,False
,14.0,,,,100.0,2024-10-13,0.0,0.0,,,,,,*,57.0,6.0,,,46.3,31.0,LVR,,,2.0,"W, 32-13",,6.0,4.0,1.0,,1.0,0.0,,PIT,2.0,6.0,7.6,,8.0,,8.0,106.0,16.0,,,,@,harrna00,2024,harrna00_2024_gamelog.csv,False
,21.0,,,,0.0,2024-10-20,0.0,0.0,,,,,,*,58.0,7.0,,,48.5,33.0,NYJ,,,0.0,"W, 37-15",,7.0,0.0,0.0,,1.0,0.0,,PIT,1.0,7.0,4.9,,,,0.0,102.0,0.0,,,,,harrna00,2024,harrna00_2024_gamelog.csv,False
,19.0,,,,75.0,2024-10-28,0.0,0.0,,,,,,*,59.0,8.0,,,59.1,39.0,NYG,,,3.0,"W, 26-18",,8.0,0.0,0.0,,0.0,0.0,,PIT,4.0,8.0,6.0,,5.7,,4.3,114.0,17.0,,,,,harrna00,2024,harrna00_2024_gamelog.csv,False
,21.0,,,,,2024-11-10,0.0,0.0,,,,,,*,60.0,9.0,,,47.4,37.0,WAS,,,0.0,"W, 28-27",,9.0,0.0,0.0,,1.0,0.0,,PIT,0.0,10.0,2.5,,,,,53.0,0.0,,,,@,harrna00,2024,harrna00_2024_gamelog.csv,False
,18.0,,,,80.0,2024-11-17,0.0,0.0,,,,,,*,61.0,10.0,,,57.7,45.0,BAL,,,4.0,"W, 18-16",,10.0,0.0,0.0,,0.0,0.0,,PIT,5.0,11.0,3.5,,7.5,,6.0,63.0,30.0,,,,,harrna00,2024,harrna00_2024_gamelog.csv,False
,16.0,,,,100.0,2024-11-21,0.0,0.0,,,,,,*,62.0,11.0,,,39.1,27.0,CLE,,,2.0,"L, 19-24",,11.0,0.0,0.0,,0.0,0.0,,PIT,2.0,12.0,2.6,,6.5,,6.5,41.0,13.0,,,,@,harrna00,2024,harrna00_2024_gamelog.csv,False
,16.0,,,,100.0,2024-12-01,0.0,0.0,,,,,,*,63.0,12.0,,,52.2,36.0,CIN,,,6.0,"W, 44-38",,12.0,3.0,1.0,,1.0,0.0,,PIT,6.0,13.0,4.7,,9.0,,9.0,75.0,54.0,,,,@,harrna00,2024,harrna00_2024_gamelog.csv,False
,16.0,,,,,2024-12-08,0.0,0.0,,,,,,*,64.0,13.0,,,41.5,27.0,CLE,,,0.0,"W, 27-14",,13.0,0.0,0.0,,1.0,0.0,,PIT,0.0,14.0,3.3,,,,,53.0,0.0,,,,,harrna00,2024,harrna00_2024_gamelog.csv,False
,6.0,,,,100.0,2024-12-15,0.0,0.0,,,,,,*,65.0,14.0,,,32.6,14.0,PHI,,,1.0,"L, 13-27",,14.0,0.0,0.0,,0.0,0.0,,PIT,1.0,15.0,2.3,,7.0,,7.0,14.0,7.0,,,,@,harrna00,2024,harrna00_2024_gamelog.csv,False
,9.0,,,,0.0,2024-12-21,0.0,0.0,,,,,,*,66.0,15.0,,,28.3,17.0,BAL,,,0.0,"L, 17-34",,15.0,0.0,0.0,,0.0,0.0,,PIT,1.0,16.0,4.7,,,,0.0,42.0,0.0,,,,@,harrna00,2024,harrna00_2024_gamelog.csv,False
,13.0,,,,50.0,2024-12-25,0.0,0.0,,,,,,*,67.0,16.0,,,45.3,34.0,KAN,,,2.0,"L, 10-29",,16.0,0.0,0.0,,0.0,0.0,,PIT,4.0,17.0,5.7,,3.5,,1.8,74.0,7.0,,,,,harrna00,2024,harrna00_2024_gamelog.csv,False
,12.0,,,,80.0,2025-01-04,0.0,0.0,,,,,,*,68.0,17.0,,,49.2,30.0,CIN,,,4.0,"L, 17-19",,17.0,0.0,0.0,,1.0,0.0,,PIT,5.0,18.0,3.0,,5.0,,4.0,36.0,20.0,,,,,harrna00,2024,harrna00_2024_gamelog.csv,False
,263.0,,,,75.0,,0.0,0.0,,,,,,,,,,,50.4,569.0,,,,36.0,10-7,,,0.4,2.0,,6.0,0.0,,,48.0,,4.0,,7.9,,5.9,1043.0,283.0,,,,,harrna00,2024,harrna00_2024_gamelog.csv,False
,13.0,,,,0.0,2024-09-05,0.0,0.0,0.0,0.0,0.0,0.0,0.0,*,120.0,1.0,,,46.3,37.0,KAN,,,0.0,"L, 20-27",,1.0,0.0,0.0,,1.0,0.0,,BAL,2.0,1.0,3.5,,,,0.0,46.0,0.0,0.0,,,@,henrde00,2024,henrde00_2024_gamelog.csv,False
,18.0,,,,100.0,2024-09-15,0.0,0.0,0.0,0.0,0.0,0.0,0.0,*,121.0,2.0,,,46.2,30.0,LVR,,,1.0,"L, 23-26",,2.0,0.0,0.0,,1.0,0.0,,BAL,1.0,2.0,4.7,,12.0,,12.0,84.0,12.0,0.0,,,,henrde00,2024,henrde00_2024_gamelog.csv,False
,25.0,,,,100.0,2024-09-22,0.0,0.0,0.0,0.0,0.0,0.0,0.0,*,122.0,3.0,,,58.7,37.0,DAL,,,1.0,"W, 28-25",,3.0,0.0,0.0,,2.0,0.0,,BAL,1.0,3.0,6.0,,23.0,,23.0,151.0,23.0,0.0,,,@,henrde00,2024,henrde00_2024_gamelog.csv,False
,24.0,,,,100.0,2024-09-29,0.0,0.0,0.0,0.0,0.0,0.0,1.0,*,123.0,4.0,,,64.9,37.0,BUF,,,3.0,"W, 35-10",,4.0,0.0,0.0,,1.0,1.0,,BAL,3.0,4.0,8.3,,3.3,,3.3,199.0,10.0,0.0,,,,henrde00,2024,henrde00_2024_gamelog.csv,False
,15.0,,,,100.0,2024-10-06,0.0,0.0,0.0,0.0,0.0,0.0,0.0,*,124.0,5.0,,,50.0,39.0,CIN,,,1.0,"W, 41-38 (OT)",,5.0,0.0,0.0,,1.0,0.0,,BAL,1.0,5.0,6.1,,4.0,,4.0,92.0,4.0,0.0,,,@,henrde00,2024,henrde00_2024_gamelog.csv,False
,24.0,,,,,2024-10-13,0.0,0.0,0.0,0.0,0.0,0.0,0.0,*,125.0,6.0,,,63.2,43.0,WAS,,,0.0,"W, 30-23",,6.0,0.0,0.0,,2.0,0.0,,BAL,0.0,6.0,5.5,,,,,132.0,0.0,0.0,,,,henrde00,2024,henrde00_2024_gamelog.csv,False
,15.0,,,,100.0,2024-10-21,0.0,0.0,0.0,0.0,0.0,0.0,0.0,*,126.0,7.0,,,57.6,34.0,TAM,,,1.0,"W, 41-31",,7.0,0.0,0.0,,0.0,1.0,,BAL,1.0,7.0,11.3,,13.0,,13.0,169.0,13.0,0.0,,,@,henrde00,2024,henrde00_2024_gamelog.csv,False
,11.0,,,,100.0,2024-10-27,0.0,0.0,0.0,0.0,0.0,0.0,0.0,*,127.0,8.0,,,51.5,35.0,CLE,,,1.0,"L, 24-29",,8.0,0.0,0.0,,1.0,0.0,,BAL,1.0,8.0,6.6,,4.0,,4.0,73.0,4.0,0.0,,,@,henrde00,2024,henrde00_2024_gamelog.csv,False
,23.0,,,,100.0,2024-11-03,0.0,0.0,0.0,0.0,0.0,0.0,1.0,*,128.0,9.0,,,61.4,35.0,DEN,,,1.0,"W, 41-10",,9.0,0.0,0.0,,2.0,0.0,,BAL,1.0,9.0,4.6,,27.0,,27.0,106.0,27.0,0.0,,,,henrde00,2024,henrde00_2024_gamelog.csv,False
,16.0,,,,100.0,2024-11-07,0.0,0.0,0.0,0.0,0.0,0.0,0.0,*,129.0,10.0,,,61.9,39.0,CIN,,,1.0,"W, 35-34",,10.0,0.0,0.0,,1.0,0.0,,BAL,1.0,10.0,4.3,,3.0,,3.0,68.0,3.0,0.0,,,,henrde00,2024,henrde00_2024_gamelog.csv,False
,13.0,,,,,2024-11-17,0.0,0.0,0.0,1.0,0.0,0.0,1.0,*,130.0,11.0,,,49.2,30.0,PIT,,,0.0,"L, 16-18",,11.0,0.0,0.0,,1.0,0.0,,BAL,0.0,11.0,5.0,,,,,65.0,0.0,0.0,,,@,henrde00,2024,henrde00_2024_gamelog.csv,False
,24.0,,,,,2024-11-25,0.0,0.0,0.0,0.0,0.0,0.0,0.0,*,131.0,12.0,,,60.0,39.0,LAC,,,0.0,"W, 30-23",,12.0,0.0,0.0,,0.0,0.0,,BAL,0.0,12.0,5.8,,,,,140.0,0.0,0.0,,,@,henrde00,2024,henrde00_2024_gamelog.csv,False
,19.0,,,,100.0,2024-12-01,0.0,0.0,0.0,0.0,0.0,0.0,0.0,*,132.0,13.0,,,51.4,37.0,PHI,,,3.0,"L, 19-24",,13.0,0.0,0.0,,0.0,0.0,,BAL,3.0,13.0,4.3,,9.7,,9.7,82.0,29.0,0.0,,,,henrde00,2024,henrde00_2024_gamelog.csv,False
,14.0,,,,,2024-12-15,0.0,0.0,0.0,0.0,0.0,0.0,0.0,*,133.0,14.0,,,45.8,27.0,NYG,,,0.0,"W, 35-14",,14.0,0.0,0.0,,0.0,0.0,,BAL,0.0,15.0,4.8,,,,,67.0,0.0,0.0,,,@,henrde00,2024,henrde00_2024_gamelog.csv,False
,24.0,,,,100.0,2024-12-21,0.0,0.0,0.0,0.0,0.0,0.0,0.0,*,134.0,15.0,,,74.2,46.0,PIT,,,2.0,"W, 34-17",,15.0,0.0,0.0,,0.0,0.0,,BAL,2.0,16.0,6.8,,13.5,,13.5,162.0,27.0,0.0,,,,henrde00,2024,henrde00_2024_gamelog.csv,False
,27.0,,,,100.0,2024-12-25,0.0,0.0,0.0,0.0,0.0,0.0,0.0,*,135.0,16.0,,,65.1,41.0,HOU,,,2.0,"W, 31-2",,16.0,0.0,0.0,,1.0,0.0,,BAL,2.0,17.0,5.4,,9.0,,9.0,147.0,18.0,0.0,,,@,henrde00,2024,henrde00_2024_gamelog.csv,False
,20.0,,,,66.7,2025-01-04,0.0,0.0,0.0,0.0,0.0,0.0,0.0,*,136.0,17.0,,,70.0,49.0,CLE,,,2.0,"W, 35-10",,17.0,0.0,0.0,,2.0,0.0,,BAL,3.0,18.0,6.9,,11.5,,7.7,138.0,23.0,0.0,,,,henrde00,2024,henrde00_2024_gamelog.csv,False
,325.0,,,,86.4,,0.0,0.0,0.0,1.0,0.0,0.0,3.0,,,,,,57.2,635.0,,,,19.0,12-5,,,0.0,0.0,,16.0,2.0,,,22.0,,5.9,,10.2,,8.8,1921.0,193.0,0.0,,,,henrde00,2024,henrde00_2024_gamelog.csv,False
,30.0,0.0,0.0,,100.0,2024-09-08,0.0,0.0,0.0,0.0,0.0,0.0,0.0,*,98.0,1.0,0.0,,72.2,57.0,IND,,,3.0,"W, 29-27",,1.0,0.0,0.0,0.0,1.0,0.0,0.0,HOU,3.0,1.0,5.3,,6.3,,6.3,159.0,19.0,0.0,0.0,0.0,@,mixojo00,2024,mixojo00_2024_gamelog.csv,False
,9.0,0.0,0.0,,60.0,2024-09-15,0.0,0.0,0.0,0.0,0.0,0.0,0.0,*,99.0,2.0,0.0,,46.8,29.0,CHI,,,3.0,"W, 19-13",,2.0,0.0,0.0,0.0,0.0,0.0,0.0,HOU,5.0,2.0,2.8,,8.3,,5.0,25.0,25.0,0.0,0.0,0.0,,mixojo00,2024,mixojo00_2024_gamelog.csv,False
,,,,,,2024-09-22,,,,,,,,Inactive,,3.0,,,,,MIN,,,,"L, 7-34",,2.0,,,,,,,HOU,,3.0,,,,,,,,,,,@,mixojo00,2024,mixojo00_2024_gamelog.csv,True
,,,,,,2024-09-29,,,,,,,,Inactive,,4.0,,,,,JAX,,,,"W, 24-20",,2.0,,,,,,,HOU,,4.0,,,,,,,,,,,,mixojo00,2024,mixojo00_2024_gamelog.csv,True
,,,,,,2024-10-06,,,,,,,,Inactive,,5.0,,,,,BUF,,,,"W, 23-20",,2.0,,,,,,,HOU,,5.0,,,,,,,,,,,,mixojo00,2024,mixojo00_2024_gamelog.csv,True
,13.0,0.0,0.0,,66.7,2024-10-13,0.0,0.0,0.0,0.0,0.0,0.0,0.0,*,100.0,6.0,0.0,,42.4,28.0,NWE,,,2.0,"W, 41-21",,3.0,0.0,0.0,0.0,1.0,1.0,0.0,HOU,3.0,6.0,7.8,,15.0,,10.0,102.0,30.0,0.0,0.0,0.0,@,mixojo00,2024,mixojo00_2024_gamelog.csv,False
,25.0,0.0,0.0,,66.7,2024-10-20,0.0,0.0,0.0,0.0,0.0,0.0,0.0,*,101.0,7.0,0.0,,65.6,42.0,GNB,,,2.0,"L, 22-24",,4.0,0.0,0.0,0.0,2.0,0.0,0.0,HOU,3.0,7.0,4.6,,4.5,,3.0,115.0,9.0,0.0,0.0,0.0,@,mixojo00,2024,mixojo00_2024_gamelog.csv,False
,25.0,0.0,0.0,,66.7,2024-10-27,0.0,0.0,0.0,0.0,0.0,0.0,0.0,*,102.0,8.0,0.0,,76.1,54.0,IND,,,4.0,"W, 23-20",,5.0,0.0,0.0,0.0,1.0,0.0,0.0,HOU,6.0,8.0,4.1,,8.0,,5.3,102.0,32.0,0.0,0.0,0.0,,mixojo00,2024,mixojo00_2024_gamelog.csv,False
0.0,24.0,1.0,0.0,0.0,,2024-10-31,0.0,0.0,0.0,0.0,0.0,0.0,0.0,*,103.0,9.0,0.0,,55.7,44.0,NYJ,,39.6,0.0,"L, 13-21",,6.0,0.0,0.0,0.0,1.0,0.0,0.0,HOU,0.0,9.0,4.4,0.0,,,,106.0,0.0,0.0,0.0,0.0,@,mixojo00,2024,mixojo00_2024_gamelog.csv,False
,25.0,0.0,0.0,,50.0,2024-11-10,0.0,0.0,0.0,0.0,0.0,0.0,0.0,*,104.0,10.0,0.0,,76.5,52.0,DET,,,2.0,"L, 23-26",,7.0,0.0,0.0,0.0,1.0,0.0,0.0,HOU,4.0,10.0,1.8,,22.0,,11.0,46.0,44.0,0.0,0.0,0.0,,mixojo00,2024,mixojo00_2024_gamelog.csv,False
,20.0,0.0,0.0,,50.0,2024-11-18,0.0,0.0,0.0,0.0,0.0,0.0,0.0,*,105.0,11.0,0.0,,81.3,52.0,DAL,,,2.0,"W, 34-10",,8.0,0.0,0.0,0.0,3.0,0.0,0.0,HOU,4.0,11.0,5.5,,22.0,,11.0,109.0,44.0,0.0,0.0,0.0,@,mixojo00,2024,mixojo00_2024_gamelog.csv,False
,14.0,0.0,0.0,,83.3,2024-11-24,0.0,0.0,0.0,0.0,0.0,0.0,0.0,*,106.0,12.0,0.0,,76.8,43.0,TEN,,,5.0,"L, 27-32",,9.0,0.0,0.0,0.0,0.0,0.0,0.0,HOU,6.0,12.0,1.6,,4.6,,3.8,22.0,23.0,0.0,0.0,0.0,,mixojo00,2024,mixojo00_2024_gamelog.csv,False
,20.0,0.0,0.0,,66.7,2024-12-01,0.0,0.0,0.0,0.0,0.0,0.0,0.0,*,107.0,13.0,0.0,,74.6,47.0,JAX,,,4.0,"W, 23-20",,10.0,0.0,0.0,0.0,1.0,0.0,0.0,HOU,6.0,13.0,5.1,,4.5,,3.0,101.0,18.0,0.0,0.0,0.0,@,mixojo00,2024,mixojo00_2024_gamelog.csv,False
,12.0,0.0,0.0,,83.3,2024-12-15,0.0,0.0,0.0,0.0,0.0,0.0,0.0,*,108.0,14.0,0.0,,64.0,32.0,MIA,,,5.0,"W, 20-12",,11.0,0.0,0.0,0.0,0.0,0.0,0.0,HOU,6.0,15.0,1.9,,6.6,,5.5,23.0,33.0,0.0,0.0,0.0,,mixojo00,2024,mixojo00_2024_gamelog.csv,False
,14.0,0.0,0.0,,50.0,2024-12-21,0.0,0.0,0.0,0.0,0.0,0.0,0.0,*,109.0,15.0,0.0,,66.1,39.0,KAN,,,1.0,"L, 19-27",,12.0,0.0,0.0,0.0,0.0,0.0,0.0,HOU,2.0,16.0,4.1,,14.0,,7.0,57.0,14.0,0.0,0.0,0.0,@,mixojo00,2024,mixojo00_2024_gamelog.csv,False
,9.0,0.0,0.0,,66.7,2024-12-25,0.0,0.0,0.0,0.0,0.0,0.0,0.0,*,110.0,16.0,0.0,,48.2,27.0,BAL,,,2.0,"L, 2-31",,13.0,0.0,0.0,0.0,0.0,0.0,0.0,HOU,3.0,17.0,2.9,,6.5,,4.3,26.0,13.0,0.0,0.0,0.0,,mixojo00,2024,mixojo00_2024_gamelog.csv,False
,5.0,0.0,0.0,,100.0,2025-01-05,0.0,0.0,0.0,0.0,0.0,0.0,0.0,*,111.0,17.0,0.0,,18.3,11.0,TEN,,,1.0,"W, 23-14",,14.0,0.0,0.0,0.0,0.0,0.0,0.0,HOU,1.0,18.0,4.6,,5.0,,5.0,23.0,5.0,0.0,0.0,0.0,@,mixojo00,2024,mixojo00_2024_gamelog.csv,False
0.0,245.0,1.0,0.0,0.0,69.2,,0.0,0.0,0.0,0.0,0.0,0.0,0.0,,,,0.0,,62.1,557.0,,,39.6,36.0,8-6,,,0.0,0.0,0.0,11.0,1.0,0.0,,52.0,,4.1,0.0,8.6,,5.9,1016.0,309.0,0.0,0.0,0.0,,mixojo00,2024,mixojo00_2024_gamelog.csv,False
,18.0,,,,100.0,2024-09-08,0.0,0.0,0.0,0.0,0.0,0.0,0.0,*,23.0,1.0,,,91.0,71.0,DET,0.0,,3.0,"L, 20-26 (OT)",1.0,1.0,15.4,4.0,,1.0,0.0,,LAR,3.0,1.0,2.8,,1.3,0.0,1.3,50.0,4.0,0.0,0.0,,@,willky02,2024,willky02_2024_gamelog.csv,False
,12.0,,,,80.0,2024-09-15,0.0,0.0,0.0,0.0,0.0,0.0,0.0,*,24.0,2.0,,,78.8,41.0,ARI,0.0,,4.0,"L, 10-41",1.0,2.0,4.0,1.0,,1.0,0.0,,LAR,5.0,2.0,2.1,,6.8,12.0,5.4,25.0,27.0,12.0,0.0,,@,willky02,2024,willky02_2024_gamelog.csv,False
,24.0,,,,100.0,2024-09-22,0.0,0.0,0.0,0.0,0.0,0.0,0.0,*,25.0,3.0,,,89.7,52.0,SFO,0.0,,2.0,"W, 27-24",0.0,3.0,0.0,0.0,,2.0,1.0,,LAR,2.0,3.0,3.7,,13.5,,13.5,89.0,27.0,0.0,0.0,,,willky02,2024,willky02_2024_gamelog.csv,False
,19.0,,,,100.0,2024-09-29,0.0,0.0,0.0,0.0,0.0,0.0,0.0,*,26.0,4.0,,,78.7,48.0,CHI,0.0,,4.0,"L, 18-24",0.0,4.0,0.0,0.0,,1.0,0.0,,LAR,4.0,4.0,4.9,,2.5,,2.5,94.0,10.0,0.0,0.0,,@,willky02,2024,willky02_2024_gamelog.csv,False
,22.0,,,,100.0,2024-10-06,0.0,0.0,0.0,1.0,0.0,0.0,1.0,*,27.0,5.0,,,85.9,67.0,GNB,0.0,,1.0,"L, 19-24",0.0,5.0,0.0,0.0,,1.0,0.0,,LAR,1.0,5.0,4.6,,3.0,,3.0,102.0,3.0,0.0,0.0,,,willky02,2024,willky02_2024_gamelog.csv,False
,21.0,,,,,2024-10-20,0.0,0.0,0.0,0.0,0.0,0.0,0.0,*,28.0,6.0,,,89.1,49.0,LVR,0.0,,0.0,"W, 20-15",0.0,6.0,0.0,0.0,,2.0,0.0,,LAR,0.0,7.0,3.6,,,,,76.0,0.0,0.0,0.0,,,willky02,2024,willky02_2024_gamelog.csv,False
,23.0,,,,71.4,2024-10-24,0.0,0.0,0.0,0.0,0.0,0.0,0.0,*,29.0,7.0,,,88.9,64.0,MIN,0.0,,5.0,"W, 30-20",0.0,7.0,4.0,1.0,,0.0,1.0,,LAR,7.0,8.0,4.2,,3.8,,2.7,97.0,19.0,0.0,0.0,,,willky02,2024,willky02_2024_gamelog.csv,False
,22.0,,,,33.3,2024-11-03,0.0,0.0,0.0,0.0,0.0,0.0,1.0,*,30.0,8.0,,,98.7,76.0,SEA,0.0,,1.0,"W, 26-20 (OT)",0.0,8.0,0.0,0.0,,0.0,0.0,,LAR,3.0,9.0,3.1,,26.0,,8.7,69.0,26.0,0.0,0.0,,@,willky02,2024,willky02_2024_gamelog.csv,False
,15.0,,,,83.3,2024-11-11,0.0,0.0,0.0,1.0,0.0,0.0,1.0,*,31.0,9.0,,,92.9,65.0,MIA,0.0,,5.0,"L, 15-23",0.0,9.0,0.0,0.0,,0.0,0.0,,LAR,6.0,10.0,4.1,,4.0,,3.3,62.0,20.0,0.0,0.0,,,willky02,2024,willky02_2024_gamelog.csv,False
,15.0,,,,,2024-11-17,0.0,0.0,0.0,0.0,0.0,0.0,0.0,*,32.0,10.0,,,80.8,42.0,NWE,0.0,,0.0,"W, 28-22",0.0,10.0,0.0,0.0,,0.0,0.0,,LAR,0.0,11.0,5.7,,,,,86.0,0.0,0.0,0.0,,@,willky02,2024,willky02_2024_gamelog.csv,False
,16.0,,,,,2024-11-24,0.0,0.0,0.0,1.0,0.0,0.0,2.0,*,33.0,11.0,,,90.6,58.0,PHI,0.0,,0.0,"L, 20-37",0.0,11.0,0.0,0.0,,1.0,0.0,,LAR,0.0,12.0,4.5,,,,,72.0,0.0,0.0,0.0,,,willky02,2024,willky02_2024_gamelog.csv,False
,15.0,,,,100.0,2024-12-01,0.0,0.0,0.0,0.0,0.0,0.0,0.0,*,34.0,12.0,,,67.9,38.0,NOR,0.0,,1.0,"W, 21-14",0.0,12.0,0.0,0.0,,1.0,0.0,,LAR,1.0,13.0,6.9,,9.0,,9.0,104.0,9.0,0.0,0.0,,@,willky02,2024,willky02_2024_gamelog.csv,False
,29.0,,,,100.0,2024-12-08,0.0,0.0,0.0,0.0,0.0,0.0,0.0,*,35.0,13.0,,,83.1,64.0,BUF,0.0,,2.0,"W, 44-42",0.0,13.0,3.0,1.0,,2.0,0.0,,LAR,2.0,14.0,3.0,,5.0,,5.0,87.0,10.0,0.0,0.0,,,willky02,2024,willky02_2024_gamelog.csv,False
,29.0,,,,100.0,2024-12-12,0.0,0.0,0.0,0.0,0.0,0.0,0.0,*,36.0,14.0,,,86.2,56.0,SFO,0.0,,2.0,"W, 12-6",0.0,14.0,0.0,0.0,,0.0,0.0,,LAR,2.0,15.0,3.7,,2.0,,2.0,108.0,4.0,0.0,0.0,,@,willky02,2024,willky02_2024_gamelog.csv,False
,23.0,,,,100.0,2024-12-22,0.0,0.0,0.0,0.0,0.0,0.0,0.0,*,37.0,15.0,,,82.7,43.0,NYJ,0.0,,1.0,"W, 19-9",0.0,15.0,0.0,0.0,,1.0,0.0,,LAR,1.0,16.0,5.3,,7.0,,7.0,122.0,7.0,0.0,0.0,,@,willky02,2024,willky02_2024_gamelog.csv,False
,13.0,,,,100.0,2024-12-28,0.0,0.0,0.0,0.0,0.0,0.0,0.0,*,38.0,16.0,,,94.7,54.0,ARI,0.0,,3.0,"W, 13-9",0.0,16.0,0.0,0.0,,1.0,0.0,,LAR,3.0,17.0,4.3,,5.3,,5.3,56.0,16.0,0.0,0.0,,,willky02,2024,willky02_2024_gamelog.csv,False
,,,,,,2025-01-05,,,,,,,,Inactive,,17.0,,,,,SEA,,,,"L, 25-30",,16.0,,,,,,,LAR,,18.0,,,,,,,,,,,,willky02,2024,willky02_2024_gamelog.csv,True
,316.0,,,,85.0,,0.0,0.0,0.0,3.0,0.0,0.0,5.0,,,,,,86.7,888.0,,0.0,,34.0,10-6,2.0,,1.7,7.0,,14.0,2.0,,,40.0,,4.1,,5.4,6.0,4.6,1299.0,182.0,12.0,0.0,,,willky02,2024,willky02_2024_gamelog.csv,False
,16.0,,,,66.7,2024-09-06,0.0,0.0,0.0,0.0,0.0,0.0,1.0,*,74.0,1.0,,,73.1,49.0,PHI,,,2.0,"L, 29-34",,1.0,0.0,0.0,,0.0,0.0,,GNB,3.0,1.0,5.3,,10.0,,6.7,84.0,20.0,0.0,,,@,jacojo01,2024,jacojo01_2024_gamelog.csv,False
,32.0,,,,,2024-09-15,0.0,0.0,0.0,1.0,0.0,0.0,1.0,*,75.0,2.0,,,67.1,47.0,IND,,,0.0,"W, 16-10",,2.0,4.5,1.0,,0.0,0.0,,GNB,0.0,2.0,4.7,,,,,151.0,0.0,0.0,,,,jacojo01,2024,jacojo01_2024_gamelog.csv,False
,14.0,,,,100.0,2024-09-22,0.0,0.0,0.0,0.0,0.0,0.0,0.0,*,76.0,3.0,,,52.4,33.0,TEN,,,1.0,"W, 30-14",,3.0,0.0,0.0,,0.0,0.0,,GNB,1.0,3.0,3.1,,5.0,,5.0,43.0,5.0,0.0,,,@,jacojo01,2024,jacojo01_2024_gamelog.csv,False
,9.0,,,,66.7,2024-09-29,0.0,0.0,0.0,0.0,0.0,0.0,0.0,*,77.0,4.0,,,60.5,46.0,MIN,,,4.0,"L, 29-31",,4.0,0.0,0.0,,0.0,0.0,,GNB,6.0,4.0,5.7,,6.8,,4.5,51.0,27.0,0.0,,,,jacojo01,2024,jacojo01_2024_gamelog.csv,False
,19.0,,,,100.0,2024-10-06,0.0,0.0,0.0,0.0,0.0,0.0,0.0,*,78.0,5.0,,,74.6,44.0,LAR,,,1.0,"W, 24-19",,5.0,0.0,0.0,,1.0,0.0,,GNB,1.0,5.0,3.8,,21.0,,21.0,73.0,21.0,0.0,,,@,jacojo01,2024,jacojo01_2024_gamelog.csv,False
,18.0,,,,100.0,2024-10-13,0.0,0.0,0.0,0.0,0.0,0.0,0.0,*,79.0,6.0,,,63.0,46.0,ARI,,,3.0,"W, 34-13",,6.0,0.0,0.0,,0.0,0.0,,GNB,3.0,6.0,3.4,,9.3,,9.3,62.0,28.0,0.0,,,,jacojo01,2024,jacojo01_2024_gamelog.csv,False
,12.0,,,,100.0,2024-10-20,0.0,0.0,0.0,0.0,0.0,0.0,0.0,*,80.0,7.0,,,67.2,39.0,HOU,,,5.0,"W, 24-22",,7.0,0.0,0.0,,0.0,1.0,,GNB,5.0,7.0,6.3,,3.2,,3.2,76.0,16.0,0.0,,,,jacojo01,2024,jacojo01_2024_gamelog.csv,False
,25.0,,,,50.0,2024-10-27,0.0,0.0,0.0,0.0,0.0,0.0,0.0,*,81.0,8.0,,,64.3,45.0,JAX,,,1.0,"W, 30-27",,8.0,0.0,0.0,,2.0,0.0,,GNB,2.0,8.0,5.1,,-2.0,,-1.0,127.0,-2.0,0.0,,,@,jacojo01,2024,jacojo01_2024_gamelog.csv,False
,13.0,,,,66.7,2024-11-03,0.0,0.0,0.0,0.0,0.0,0.0,0.0,*,82.0,9.0,,,55.4,36.0,DET,,,2.0,"L, 14-24",,9.0,0.0,0.0,,0.0,0.0,,GNB,3.0,9.0,7.3,,6.5,,4.3,95.0,13.0,0.0,,,,jacojo01,2024,jacojo01_2024_gamelog.csv,False
,18.0,,,,80.0,2024-11-17,0.0,0.0,0.0,0.0,0.0,0.0,0.0,*,83.0,10.0,,,80.4,37.0,CHI,,,4.0,"W, 20-19",,10.0,0.0,0.0,,1.0,0.0,,GNB,5.0,11.0,4.2,,14.5,,11.6,76.0,58.0,0.0,,,@,jacojo01,2024,jacojo01_2024_gamelog.csv,False
,26.0,,,,0.0,2024-11-24,0.0,0.0,0.0,0.0,0.0,0.0,0.0,*,84.0,11.0,,,52.8,38.0,SFO,,,0.0,"W, 38-10",,11.0,0.0,0.0,,3.0,0.0,,GNB,1.0,12.0,4.1,,,,0.0,106.0,0.0,0.0,,,,jacojo01,2024,jacojo01_2024_gamelog.csv,False
,19.0,,,,100.0,2024-11-28,0.0,0.0,0.0,0.0,0.0,0.0,0.0,*,85.0,12.0,,,77.8,42.0,MIA,,,4.0,"W, 30-17",,12.0,4.2,1.0,,1.0,0.0,,GNB,4.0,13.0,2.3,,18.5,,18.5,43.0,74.0,0.0,,,,jacojo01,2024,jacojo01_2024_gamelog.csv,False
,18.0,,,,,2024-12-05,0.0,0.0,0.0,0.0,0.0,0.0,0.0,*,86.0,13.0,,,80.0,40.0,DET,,,0.0,"L, 31-34",,13.0,0.0,0.0,,3.0,0.0,,GNB,0.0,14.0,3.7,,,,,66.0,0.0,0.0,,,@,jacojo01,2024,jacojo01_2024_gamelog.csv,False
,26.0,,,,100.0,2024-12-15,0.0,0.0,0.0,1.0,0.0,0.0,1.0,*,87.0,14.0,,,75.0,48.0,SEA,,,4.0,"W, 30-13",,14.0,0.0,0.0,,1.0,0.0,,GNB,4.0,15.0,3.6,,10.5,,10.5,94.0,42.0,0.0,,,@,jacojo01,2024,jacojo01_2024_gamelog.csv,False
,13.0,,,,100.0,2024-12-23,0.0,0.0,0.0,0.0,0.0,0.0,0.0,*,88.0,15.0,,,40.6,28.0,NOR,,,4.0,"W, 34-0",,15.0,0.0,0.0,,1.0,0.0,,GNB,4.0,16.0,5.3,,9.5,,9.5,69.0,38.0,0.0,,,,jacojo01,2024,jacojo01_2024_gamelog.csv,False
,17.0,,,,,2024-12-29,0.0,0.0,0.0,1.0,0.0,0.0,1.0,*,89.0,16.0,,,63.5,40.0,MIN,,,0.0,"L, 25-27",,16.0,0.0,0.0,,1.0,0.0,,GNB,0.0,17.0,4.1,,,,,69.0,0.0,0.0,,,@,jacojo01,2024,jacojo01_2024_gamelog.csv,False
,6.0,,,,100.0,2025-01-05,0.0,0.0,0.0,0.0,0.0,0.0,0.0,*,90.0,17.0,,,30.8,20.0,CHI,,,1.0,"L, 22-24",,17.0,0.0,0.0,,1.0,0.0,,GNB,1.0,18.0,7.3,,2.0,,2.0,44.0,2.0,0.0,,,,jacojo01,2024,jacojo01_2024_gamelog.csv,False
,301.0,,,,83.7,,0.0,0.0,0.0,3.0,0.0,0.0,4.0,,,,,,62.5,678.0,,,,36.0,11-6,,,0.5,2.0,,15.0,1.0,,,43.0,,4.4,,9.5,,8.0,1329.0,342.0,0.0,,,,jacojo01,2024,jacojo01_2024_gamelog.csv,False
,16.0,,,,75.0,2024-09-08,0.0,0.0,0.0,0.0,0.0,0.0,0.0,*,80.0,1.0,,,60.9,39.0,CHI,,,3.0,"L, 17-24",,1.0,0.0,0.0,,1.0,0.0,,TEN,4.0,1.0,5.1,,4.0,,3.0,82.0,12.0,0.0,,,@,pollto00,2024,pollto00_2024_gamelog.csv,False
,17.0,,,,83.3,2024-09-15,0.0,0.0,0.0,0.0,0.0,0.0,0.0,*,81.0,2.0,,,66.7,44.0,NYJ,,,5.0,"L, 17-24",,2.0,0.0,0.0,,0.0,0.0,,TEN,6.0,2.0,3.6,,8.0,,6.7,62.0,40.0,0.0,,,,pollto00,2024,pollto00_2024_gamelog.csv,False
,6.0,,,,75.0,2024-09-22,0.0,0.0,0.0,0.0,0.0,0.0,0.0,*,82.0,3.0,,,63.0,34.0,GNB,,,3.0,"L, 14-30",,3.0,0.0,0.0,,0.0,0.0,,TEN,4.0,3.0,2.3,,5.0,,3.8,14.0,15.0,0.0,,,,pollto00,2024,pollto00_2024_gamelog.csv,False
,22.0,,,,100.0,2024-09-30,0.0,0.0,0.0,0.0,0.0,0.0,0.0,*,83.0,4.0,,,60.0,39.0,MIA,,,2.0,"W, 31-12",,4.0,0.0,0.0,,1.0,0.0,,TEN,2.0,4.0,4.0,,10.0,,10.0,88.0,20.0,0.0,,,@,pollto00,2024,pollto00_2024_gamelog.csv,False
,17.0,,,,100.0,2024-10-13,0.0,0.0,0.0,0.0,0.0,0.0,0.0,*,84.0,5.0,,,74.1,43.0,IND,,,3.0,"L, 17-20",,5.0,0.0,0.0,,1.0,0.0,,TEN,3.0,6.0,5.5,,-1.7,,-1.7,93.0,-5.0,0.0,,,,pollto00,2024,pollto00_2024_gamelog.csv,False
,16.0,,,,33.3,2024-10-20,0.0,0.0,0.0,0.0,1.0,0.0,0.0,*,85.0,6.0,,,89.0,65.0,BUF,,,2.0,"L, 10-34",,6.0,0.0,0.0,,0.0,0.0,,TEN,6.0,7.0,3.8,,2.0,,0.7,61.0,4.0,0.0,,,@,pollto00,2024,pollto00_2024_gamelog.csv,False
,20.0,,,,75.0,2024-10-27,0.0,0.0,0.0,0.0,0.0,0.0,0.0,*,86.0,7.0,,,81.6,62.0,DET,,,3.0,"L, 14-52",,7.0,0.0,0.0,,0.0,0.0,,TEN,4.0,8.0,4.7,,7.7,,5.8,94.0,23.0,0.0,,,@,pollto00,2024,pollto00_2024_gamelog.csv,False
,28.0,,,,100.0,2024-11-03,0.0,0.0,0.0,0.0,0.0,0.0,0.0,*,87.0,8.0,,,85.7,66.0,NWE,,,3.0,"W, 20-17 (OT)",,8.0,0.0,0.0,,0.0,0.0,,TEN,3.0,9.0,4.6,,8.7,,8.7,128.0,26.0,0.0,,,,pollto00,2024,pollto00_2024_gamelog.csv,False
,9.0,,,,100.0,2024-11-10,0.0,0.0,0.0,0.0,0.0,0.0,0.0,*,88.0,9.0,,,53.7,29.0,LAC,,,4.0,"L, 17-27",,9.0,0.0,0.0,,0.0,0.0,,TEN,4.0,10.0,4.9,,4.8,,4.8,44.0,19.0,0.0,,,@,pollto00,2024,pollto00_2024_gamelog.csv,False
,9.0,,,,50.0,2024-11-17,0.0,0.0,0.0,0.0,0.0,0.0,0.0,*,89.0,10.0,,,62.7,37.0,MIN,,,2.0,"L, 13-23",,10.0,0.0,0.0,,0.0,0.0,,TEN,4.0,11.0,1.7,,7.0,,3.5,15.0,14.0,0.0,,,,pollto00,2024,pollto00_2024_gamelog.csv,False
,24.0,,,,60.0,2024-11-24,0.0,0.0,0.0,0.0,0.0,0.0,0.0,*,90.0,11.0,,,94.0,63.0,HOU,,,3.0,"W, 32-27",,11.0,0.0,0.0,,1.0,0.0,,TEN,5.0,12.0,5.0,,3.3,,2.0,119.0,10.0,0.0,,,@,pollto00,2024,pollto00_2024_gamelog.csv,False
,8.0,,,,66.7,2024-12-01,0.0,0.0,0.0,1.0,0.0,0.0,1.0,*,91.0,12.0,,,72.7,40.0,WAS,,,4.0,"L, 19-42",,12.0,0.0,0.0,,0.0,0.0,,TEN,6.0,13.0,4.4,,8.3,,5.5,35.0,33.0,0.0,,,@,pollto00,2024,pollto00_2024_gamelog.csv,False
,21.0,,,,100.0,2024-12-08,0.0,0.0,0.0,0.0,0.0,0.0,0.0,*,92.0,13.0,,,62.5,40.0,JAX,,,2.0,"L, 6-10",,13.0,0.0,0.0,,0.0,0.0,,TEN,2.0,14.0,4.9,,11.0,,11.0,102.0,22.0,0.0,,,,pollto00,2024,pollto00_2024_gamelog.csv,False
,17.0,,,,,2024-12-15,0.0,0.0,0.0,1.0,0.0,0.0,1.0,*,93.0,14.0,,,44.3,31.0,CIN,,,0.0,"L, 27-37",,14.0,0.0,0.0,,1.0,0.0,,TEN,0.0,15.0,2.6,,,,,45.0,0.0,0.0,,,,pollto00,2024,pollto00_2024_gamelog.csv,False
,8.0,,,,50.0,2024-12-22,0.0,0.0,0.0,0.0,0.0,0.0,0.0,*,94.0,15.0,,,39.3,24.0,IND,,,2.0,"L, 30-38",,15.0,0.0,0.0,,0.0,0.0,,TEN,4.0,16.0,4.4,,2.5,,1.3,35.0,5.0,0.0,,,@,pollto00,2024,pollto00_2024_gamelog.csv,False
,,,,,,2024-12-29,,,,,,,,Inactive,,16.0,,,,,JAX,,,,"L, 13-20",,15.0,,,,,,,TEN,,17.0,,,,,,,,,,,@,pollto00,2024,pollto00_2024_gamelog.csv,True
,22.0,,,,,2025-01-05,0.0,0.0,0.0,0.0,0.0,0.0,0.0,*,95.0,17.0,,,72.6,45.0,HOU,,,0.0,"L, 14-23",,16.0,0.0,0.0,,0.0,0.0,,TEN,0.0,18.0,2.8,,,,,62.0,0.0,0.0,,,,pollto00,2024,pollto00_2024_gamelog.csv,False
,260.0,,,,71.9,,0.0,0.0,0.0,2.0,1.0,0.0,2.0,,,,,,68.4,701.0,,,,41.0,3-13,,,0.0,0.0,,5.0,0.0,,,57.0,,4.2,,5.8,,4.2,1079.0,238.0,0.0,,,,pollto00,2024,pollto00_2024_gamelog.csv,False
,24.0,0.0,0.0,,100.0,2024-09-06,0.0,0.0,0.0,0.0,1.0,0.0,0.0,*,75.0,1.0,0.0,,80.3,61.0,GNB,,,2.0,"W, 34-29",,1.0,0.0,0.0,0.0,2.0,1.0,0.0,PHI,2.0,1.0,4.5,,11.5,,11.5,109.0,23.0,0.0,0.0,0.0,,barksa00,2024,barksa00_2024_gamelog.csv,False
,22.0,0.0,0.0,,80.0,2024-09-16,0.0,0.0,0.0,0.0,0.0,0.0,0.0,*,76.0,2.0,0.0,,90.1,64.0,ATL,,,4.0,"L, 21-22",,2.0,0.0,0.0,0.0,0.0,0.0,0.0,PHI,5.0,2.0,4.3,,5.3,,4.2,95.0,21.0,0.0,0.0,0.0,,barksa00,2024,barksa00_2024_gamelog.csv,False
,17.0,0.0,0.0,,100.0,2024-09-22,0.0,0.0,0.0,0.0,0.0,0.0,0.0,*,77.0,3.0,0.0,,80.6,58.0,NOR,,,4.0,"W, 15-12",,3.0,0.0,0.0,0.0,2.0,0.0,0.0,PHI,4.0,3.0,8.6,,2.3,,2.3,147.0,9.0,0.0,0.0,0.0,@,barksa00,2024,barksa00_2024_gamelog.csv,False
,10.0,0.0,0.0,,50.0,2024-09-29,0.0,0.0,0.0,0.0,0.0,0.0,0.0,*,78.0,4.0,0.0,,56.1,32.0,TAM,,,2.0,"L, 16-33",,4.0,0.0,0.0,0.0,0.0,0.0,0.0,PHI,4.0,4.0,8.4,,16.0,,8.0,84.0,32.0,0.0,0.0,0.0,@,barksa00,2024,barksa00_2024_gamelog.csv,False
,18.0,0.0,0.0,,100.0,2024-10-13,0.0,0.0,0.0,0.0,0.0,0.0,0.0,*,79.0,5.0,0.0,,79.0,49.0,CLE,,,2.0,"W, 20-16",,5.0,0.0,0.0,0.0,0.0,0.0,0.0,PHI,2.0,6.0,2.6,,3.5,,3.5,47.0,7.0,0.0,0.0,0.0,,barksa00,2024,barksa00_2024_gamelog.csv,False
,17.0,0.0,0.0,,66.7,2024-10-20,0.0,0.0,0.0,0.0,0.0,0.0,0.0,*,80.0,6.0,0.0,,53.0,35.0,NYG,,,2.0,"W, 28-3",,6.0,0.0,0.0,0.0,1.0,0.0,0.0,PHI,3.0,7.0,10.4,,5.5,,3.7,176.0,11.0,0.0,0.0,0.0,@,barksa00,2024,barksa00_2024_gamelog.csv,False
,22.0,0.0,0.0,,100.0,2024-10-27,0.0,0.0,0.0,0.0,0.0,0.0,0.0,*,81.0,7.0,0.0,,82.0,50.0,CIN,,,1.0,"W, 37-17",,7.0,0.0,0.0,0.0,0.0,0.0,0.0,PHI,1.0,8.0,4.9,,3.0,,3.0,108.0,3.0,0.0,0.0,0.0,@,barksa00,2024,barksa00_2024_gamelog.csv,False
,27.0,0.0,0.0,,75.0,2024-11-03,0.0,0.0,0.0,1.0,0.0,0.0,1.0,*,82.0,8.0,0.0,,72.2,57.0,JAX,,,3.0,"W, 28-23",,8.0,0.0,0.0,0.0,1.0,1.0,0.0,PHI,4.0,9.0,5.9,,13.3,,10.0,159.0,40.0,0.0,0.0,0.0,,barksa00,2024,barksa00_2024_gamelog.csv,False
,14.0,0.0,0.0,,100.0,2024-11-10,0.0,0.0,0.0,0.0,0.0,0.0,0.0,*,83.0,9.0,0.0,,51.5,35.0,DAL,,,1.0,"W, 34-6",,9.0,0.0,0.0,0.0,0.0,0.0,0.0,PHI,1.0,10.0,4.7,,12.0,,12.0,66.0,12.0,0.0,0.0,0.0,@,barksa00,2024,barksa00_2024_gamelog.csv,False
,26.0,0.0,0.0,,66.7,2024-11-14,0.0,0.0,0.0,0.0,0.0,0.0,0.0,*,84.0,10.0,0.0,,81.7,58.0,WAS,,,2.0,"W, 26-18",,10.0,0.0,0.0,0.0,2.0,0.0,0.0,PHI,3.0,11.0,5.6,,26.0,,17.3,146.0,52.0,0.0,0.0,0.0,,barksa00,2024,barksa00_2024_gamelog.csv,False
,26.0,0.0,0.0,,100.0,2024-11-24,0.0,0.0,0.0,0.0,0.0,0.0,0.0,*,85.0,11.0,0.0,,68.5,50.0,LAR,,,4.0,"W, 37-20",,11.0,0.0,0.0,0.0,2.0,0.0,0.0,PHI,4.0,12.0,9.8,,11.8,,11.8,255.0,47.0,0.0,0.0,0.0,@,barksa00,2024,barksa00_2024_gamelog.csv,False
,23.0,0.0,0.0,,50.0,2024-12-01,0.0,0.0,0.0,0.0,1.0,0.0,1.0,*,86.0,12.0,0.0,,87.5,49.0,BAL,,,2.0,"W, 24-19",,12.0,0.0,0.0,0.0,1.0,0.0,0.0,PHI,4.0,13.0,4.7,,5.0,,2.5,107.0,10.0,0.0,0.0,0.0,@,barksa00,2024,barksa00_2024_gamelog.csv,False
,20.0,0.0,0.0,,0.0,2024-12-08,0.0,0.0,0.0,0.0,0.0,0.0,0.0,*,87.0,13.0,0.0,,75.9,44.0,CAR,,,0.0,"W, 22-16",,13.0,0.0,0.0,0.0,0.0,0.0,0.0,PHI,1.0,14.0,6.2,,,,0.0,124.0,0.0,0.0,0.0,0.0,,barksa00,2024,barksa00_2024_gamelog.csv,False
,19.0,0.0,0.0,,100.0,2024-12-15,0.0,0.0,0.0,0.0,0.0,0.0,0.0,*,88.0,14.0,0.0,,61.3,49.0,PIT,,,2.0,"W, 27-13",,14.0,0.0,0.0,0.0,0.0,0.0,0.0,PHI,2.0,15.0,3.4,,4.5,,4.5,65.0,9.0,0.0,0.0,0.0,,barksa00,2024,barksa00_2024_gamelog.csv,False
,29.0,0.0,0.0,,0.0,2024-12-22,0.0,0.0,0.0,0.0,0.0,0.0,0.0,*,89.0,15.0,0.0,,82.4,61.0,WAS,,,0.0,"L, 33-36",,15.0,0.0,0.0,1.0,2.0,0.0,0.0,PHI,1.0,16.0,5.2,,,,0.0,150.0,0.0,0.0,2.0,0.0,@,barksa00,2024,barksa00_2024_gamelog.csv,False
,31.0,0.0,0.0,,100.0,2024-12-29,0.0,0.0,0.0,0.0,0.0,0.0,0.0,*,90.0,16.0,0.0,,75.4,49.0,DAL,,,2.0,"W, 41-7",,16.0,0.0,0.0,0.0,0.0,0.0,0.0,PHI,2.0,17.0,5.4,,1.0,,1.0,167.0,2.0,0.0,0.0,0.0,,barksa00,2024,barksa00_2024_gamelog.csv,False
,,,,,,2025-01-05,,,,,,,,Inactive,,17.0,,,,,NYG,,,,"W, 20-13",,16.0,,,,,,,PHI,,18.0,,,,,,,,,,,,barksa00,2024,barksa00_2024_gamelog.csv,True
,345.0,0.0,0.0,,76.7,,0.0,0.0,0.0,1.0,2.0,0.0,2.0,,,,0.0,,73.6,801.0,,,,33.0,13-3,,,0.0,0.0,1.0,13.0,2.0,0.0,,43.0,,5.8,,8.4,,6.5,2005.0,278.0,0.0,2.0,0.0,,barksa00,2024,barksa00_2024_gamelog.csv,False
