AY/A,Ast,Att,Att.1,Cmp,Cmp%,Comb,Ctch%,Date,Def%,DefSnp,FF,FL,FR,FRTD,Fmb,GS,Gcar,Gtm,Int,Off%,OffSnp,Opp,QBHits,Rate,Rec,Result,Rk,ST%,STSnp,Sfty,Sk,Sk.1,Solo,TD,TD.1,TD.2,TFL,Team,Tgt,Unnamed: 6,Week,Y/A,Y/A.1,Y/R,Y/Tgt,Yds,Yds.1,Yds.2,Yds.3,Yds.4,player_id,season,source_file,injured
,,9.0,,,,,75.0,2022-09-11,0.0,0.0,0.0,0.0,0.0,0.0,0.0,*,74.0,1.0,,62.3,38.0,ATL,,,3.0,"W, 27-26",1.0,0.0,0.0,,,,,0.0,0.0,,,NOR,4.0,@,1.0,4.3,,2.3,1.8,39.0,7.0,0.0,,,kamaal00,2022,kamaal00_2022_gamelog.csv,False
,,,,,,,,2022-09-18,,,,,,,,Inactive,,2.0,,,,TAM,,,,"L, 10-20",1.0,,,,,,,,,,,NOR,,,2.0,,,,,,,,,,kamaal00,2022,kamaal00_2022_gamelog.csv,True
,,15.0,,,,,28.6,2022-09-25,0.0,0.0,0.0,1.0,0.0,0.0,1.0,*,75.0,3.0,,69.6,48.0,CAR,,,2.0,"L, 14-22",2.0,0.0,0.0,,,,,0.0,0.0,,,NOR,7.0,@,3.0,4.1,,6.0,1.7,61.0,12.0,0.0,,,kamaal00,2022,kamaal00_2022_gamelog.csv,False
,,,,,,,,2022-10-02,,,,,,,,Inactive,,4.0,,,,MIN,,,,"L, 25-28",2.0,,,,,,,,,,,NOR,,,4.0,,,,,,,,,,kamaal00,2022,kamaal00_2022_gamelog.csv,True
,,23.0,,,,,100.0,2022-10-09,0.0,0.0,0.0,1.0,0.0,0.0,1.0,*,76.0,5.0,,72.7,56.0,SEA,,,6.0,"W, 39-32",3.0,0.0,0.0,,,,,0.0,0.0,,,NOR,6.0,,5.0,4.5,,15.2,15.2,103.0,91.0,0.0,,,kamaal00,2022,kamaal00_2022_gamelog.csv,False
,,19.0,,,,,66.7,2022-10-16,0.0,0.0,0.0,0.0,0.0,0.0,0.0,*,77.0,6.0,,69.4,50.0,CIN,,,6.0,"L, 26-30",4.0,0.0,0.0,,,,,0.0,0.0,,,NOR,9.0,,6.0,5.2,,4.2,2.8,99.0,25.0,0.0,,,kamaal00,2022,kamaal00_2022_gamelog.csv,False
,,11.0,,,,,77.8,2022-10-20,0.0,0.0,0.0,0.0,0.0,0.0,0.0,*,78.0,7.0,,72.2,52.0,ARI,,,7.0,"L, 34-42",5.0,0.0,0.0,,,,,0.0,0.0,,,NOR,9.0,@,7.0,4.5,,8.0,6.2,49.0,56.0,0.0,,,kamaal00,2022,kamaal00_2022_gamelog.csv,False
,,18.0,,,,,90.0,2022-10-30,0.0,0.0,0.0,0.0,0.0,0.0,0.0,,79.0,8.0,,71.9,46.0,LVR,,,9.0,"W, 24-0",6.0,0.0,0.0,,,,,1.0,2.0,,,NOR,10.0,,8.0,3.4,,10.7,9.6,62.0,96.0,0.0,,,kamaal00,2022,kamaal00_2022_gamelog.csv,False
,,9.0,,,,,75.0,2022-11-07,0.0,0.0,0.0,0.0,0.0,0.0,0.0,*,80.0,9.0,,88.2,45.0,BAL,,,3.0,"L, 13-27",7.0,0.0,0.0,,,,,0.0,0.0,,,NOR,4.0,,9.0,3.3,,10.7,8.0,30.0,32.0,0.0,,,kamaal00,2022,kamaal00_2022_gamelog.csv,False
,,8.0,,,,,75.0,2022-11-13,0.0,0.0,0.0,0.0,0.0,0.0,0.0,*,81.0,10.0,,78.7,37.0,PIT,,,3.0,"L, 10-20",8.0,0.0,0.0,,,,,0.0,0.0,,,NOR,4.0,@,10.0,3.3,,6.3,4.8,26.0,19.0,0.0,,,kamaal00,2022,kamaal00_2022_gamelog.csv,False
,,12.0,,,,,80.0,2022-11-20,0.0,0.0,0.0,0.0,0.0,0.0,0.0,*,82.0,11.0,,70.2,40.0,LAR,,,4.0,"W, 27-20",9.0,3.2,1.0,,,,,0.0,0.0,,,NOR,5.0,,11.0,3.5,,11.8,9.4,42.0,47.0,0.0,,,kamaal00,2022,kamaal00_2022_gamelog.csv,False
,,7.0,,,,,85.7,2022-11-27,0.0,0.0,0.0,2.0,0.0,0.0,2.0,*,83.0,12.0,,66.7,38.0,SFO,,,6.0,"L, 0-13",10.0,0.0,0.0,,,,,0.0,0.0,,,NOR,7.0,@,12.0,1.9,,6.2,5.3,13.0,37.0,0.0,,,kamaal00,2022,kamaal00_2022_gamelog.csv,False
,,12.0,,,,,66.7,2022-12-05,0.0,0.0,0.0,0.0,1.0,0.0,0.0,*,84.0,13.0,,59.3,35.0,TAM,,,2.0,"L, 16-17",11.0,0.0,0.0,,,,,0.0,0.0,,,NOR,3.0,@,13.0,2.2,,5.5,3.7,26.0,11.0,6.0,,,kamaal00,2022,kamaal00_2022_gamelog.csv,False
,,21.0,,,,,100.0,2022-12-18,0.0,0.0,0.0,0.0,0.0,0.0,0.0,*,85.0,14.0,,61.8,34.0,ATL,,,2.0,"W, 21-18",12.0,0.0,0.0,,,,,0.0,0.0,,,NOR,2.0,,15.0,4.3,,6.5,6.5,91.0,13.0,0.0,,,kamaal00,2022,kamaal00_2022_gamelog.csv,False
,,20.0,,,,,50.0,2022-12-24,0.0,0.0,0.0,0.0,0.0,0.0,0.0,,86.0,15.0,,70.4,38.0,CLE,,,2.0,"W, 17-10",13.0,0.0,0.0,,,,,1.0,0.0,,,NOR,4.0,@,16.0,3.8,,17.0,8.5,76.0,34.0,0.0,,,kamaal00,2022,kamaal00_2022_gamelog.csv,False
,,16.0,,,,,100.0,2023-01-01,0.0,0.0,0.0,0.0,0.0,0.0,0.0,*,87.0,16.0,,58.0,40.0,PHI,,,1.0,"W, 20-10",14.0,0.0,0.0,,,,,0.0,0.0,,,NOR,1.0,@,17.0,4.6,,7.0,7.0,73.0,7.0,0.0,,,kamaal00,2022,kamaal00_2022_gamelog.csv,False
,,23.0,,,,,50.0,2023-01-08,0.0,0.0,0.0,0.0,0.0,0.0,0.0,*,88.0,17.0,,75.0,45.0,CAR,,,1.0,"L, 7-10",15.0,0.0,0.0,,,,,0.0,0.0,,,NOR,2.0,,18.0,4.7,,3.0,1.5,107.0,3.0,0.0,,,kamaal00,2022,kamaal00_2022_gamelog.csv,False
,,10.0,0.0,0.0,,,80.0,2022-09-11,0.0,0.0,0.0,0.0,1.0,0.0,0.0,*,59.0,1.0,0.0,81.1,43.0,CLE,,,4.0,"L, 24-26",1.0,0.0,0.0,,0.0,,,1.0,0.0,0.0,,CAR,5.0,,1.0,3.3,,6.0,4.8,33.0,24.0,0.0,0.0,0.0,mccach01,2022,mccach01_2022_gamelog.csv,False
,,15.0,0.0,0.0,,,80.0,2022-09-18,0.0,0.0,0.0,0.0,0.0,0.0,0.0,*,60.0,2.0,0.0,91.4,53.0,NYG,,,4.0,"L, 16-19",2.0,0.0,0.0,,0.0,,,0.0,0.0,0.0,,CAR,5.0,@,2.0,6.8,,6.5,5.2,102.0,26.0,0.0,0.0,0.0,mccach01,2022,mccach01_2022_gamelog.csv,False
,,25.0,0.0,0.0,,,50.0,2022-09-25,0.0,0.0,0.0,0.0,0.0,0.0,0.0,*,61.0,3.0,0.0,80.3,49.0,NOR,,,2.0,"W, 22-14",3.0,3.4,1.0,,0.0,,,0.0,0.0,0.0,,CAR,4.0,,3.0,4.3,,3.5,1.8,108.0,7.0,0.0,0.0,0.0,mccach01,2022,mccach01_2022_gamelog.csv,False
,,8.0,0.0,0.0,,,100.0,2022-10-02,0.0,0.0,0.0,0.0,0.0,0.0,0.0,*,62.0,4.0,0.0,86.5,45.0,ARI,,,9.0,"L, 16-26",4.0,0.0,0.0,,0.0,,,0.0,1.0,0.0,,CAR,9.0,,4.0,3.4,,9.0,9.0,27.0,81.0,0.0,0.0,0.0,mccach01,2022,mccach01_2022_gamelog.csv,False
,,14.0,0.0,0.0,,,58.3,2022-10-09,0.0,0.0,0.0,0.0,0.0,0.0,0.0,*,63.0,5.0,0.0,85.5,59.0,SFO,,,7.0,"L, 15-37",5.0,0.0,0.0,,0.0,,,1.0,0.0,0.0,,CAR,12.0,,5.0,3.9,,7.1,4.2,54.0,50.0,0.0,0.0,0.0,mccach01,2022,mccach01_2022_gamelog.csv,False
,,13.0,0.0,0.0,,,87.5,2022-10-16,0.0,0.0,0.0,0.0,0.0,0.0,0.0,*,64.0,6.0,0.0,86.4,38.0,LAR,,,7.0,"L, 10-24",6.0,0.0,0.0,,0.0,,,0.0,0.0,0.0,,CAR,8.0,@,6.0,5.3,,12.7,11.1,69.0,89.0,0.0,0.0,0.0,mccach01,2022,mccach01_2022_gamelog.csv,False
,,8.0,0.0,0.0,,,100.0,2022-10-23,0.0,0.0,0.0,0.0,0.0,0.0,0.0,,65.0,7.0,0.0,29.1,23.0,KAN,,,2.0,"L, 23-44",7.0,0.0,0.0,,0.0,,,0.0,0.0,0.0,,SFO,2.0,,7.0,4.8,,12.0,12.0,38.0,24.0,0.0,0.0,0.0,mccach01,2022,mccach01_2022_gamelog.csv,False
54.0,,18.0,1.0,1.0,100.0,,88.9,2022-10-30,0.0,0.0,0.0,0.0,0.0,0.0,1.0,*,66.0,8.0,0.0,81.1,43.0,LAR,,158.3,8.0,"W, 31-14",8.0,0.0,0.0,,0.0,,,1.0,1.0,1.0,,SFO,9.0,@,8.0,5.2,34.0,6.9,6.1,94.0,55.0,34.0,0.0,0.0,mccach01,2022,mccach01_2022_gamelog.csv,False
,,14.0,0.0,0.0,,,66.7,2022-11-13,0.0,0.0,0.0,0.0,0.0,0.0,0.0,*,67.0,9.0,0.0,64.8,46.0,LAC,,,4.0,"W, 22-16",9.0,0.0,0.0,,0.0,,,1.0,0.0,0.0,,SFO,6.0,,10.0,2.7,,9.8,6.5,38.0,39.0,0.0,0.0,0.0,mccach01,2022,mccach01_2022_gamelog.csv,False
,,7.0,0.0,0.0,,,100.0,2022-11-21,0.0,0.0,0.0,0.0,0.0,0.0,0.0,*,68.0,10.0,0.0,65.5,38.0,ARI,,,7.0,"W, 38-10",10.0,0.0,0.0,,0.0,,,0.0,0.0,0.0,,SFO,7.0,@,11.0,5.6,,9.6,9.6,39.0,67.0,0.0,0.0,0.0,mccach01,2022,mccach01_2022_gamelog.csv,False
,,11.0,0.0,0.0,,,66.7,2022-11-27,0.0,0.0,0.0,0.0,0.0,0.0,0.0,*,69.0,11.0,0.0,62.9,44.0,NOR,,,4.0,"W, 13-0",11.0,0.0,0.0,,0.0,,,0.0,0.0,0.0,,SFO,6.0,,12.0,2.9,,4.3,2.8,32.0,17.0,0.0,0.0,0.0,mccach01,2022,mccach01_2022_gamelog.csv,False
,,17.0,0.0,0.0,,,80.0,2022-12-04,0.0,0.0,0.0,0.0,0.0,0.0,0.0,*,70.0,12.0,0.0,82.1,69.0,MIA,,,8.0,"W, 33-17",12.0,0.0,0.0,,0.0,,,0.0,1.0,0.0,,SFO,10.0,,13.0,3.9,,10.0,8.0,66.0,80.0,0.0,0.0,0.0,mccach01,2022,mccach01_2022_gamelog.csv,False
,,14.0,0.0,0.0,,,66.7,2022-12-11,0.0,0.0,0.0,0.0,0.0,0.0,0.0,*,71.0,13.0,0.0,69.8,44.0,TAM,,,2.0,"W, 35-7",13.0,0.0,0.0,,0.0,,,1.0,1.0,0.0,,SFO,3.0,,14.0,8.5,,17.0,11.3,119.0,34.0,0.0,0.0,0.0,mccach01,2022,mccach01_2022_gamelog.csv,False
,,26.0,0.0,0.0,,,75.0,2022-12-15,0.0,0.0,0.0,0.0,0.0,0.0,0.0,*,72.0,14.0,0.0,89.1,57.0,SEA,,,6.0,"W, 21-13",14.0,3.6,1.0,,0.0,,,1.0,0.0,0.0,,SFO,8.0,@,15.0,4.2,,5.0,3.8,108.0,30.0,0.0,0.0,0.0,mccach01,2022,mccach01_2022_gamelog.csv,False
,,15.0,0.0,0.0,,,100.0,2022-12-24,0.0,0.0,0.0,0.0,0.0,0.0,0.0,*,73.0,15.0,0.0,75.0,39.0,WAS,,,2.0,"W, 37-20",15.0,3.7,1.0,,0.0,,,1.0,0.0,0.0,,SFO,2.0,,16.0,3.1,,6.0,6.0,46.0,12.0,0.0,0.0,0.0,mccach01,2022,mccach01_2022_gamelog.csv,False
,,19.0,0.0,0.0,,,66.7,2023-01-01,0.0,0.0,0.0,0.0,0.0,0.0,0.0,*,74.0,16.0,0.0,85.1,57.0,LVR,,,6.0,"W, 37-34 (OT)",16.0,0.0,0.0,,0.0,,,1.0,0.0,0.0,,SFO,9.0,@,17.0,6.4,,12.0,8.0,121.0,72.0,0.0,0.0,0.0,mccach01,2022,mccach01_2022_gamelog.csv,False
,,10.0,0.0,0.0,,,100.0,2023-01-08,0.0,0.0,0.0,0.0,0.0,0.0,0.0,*,75.0,17.0,0.0,48.4,30.0,ARI,,,3.0,"W, 38-13",17.0,0.0,0.0,,0.0,,,0.0,1.0,0.0,,SFO,3.0,,18.0,4.5,,11.3,11.3,45.0,34.0,0.0,0.0,0.0,mccach01,2022,mccach01_2022_gamelog.csv,False
,,31.0,,,,,57.1,2022-09-11,0.0,0.0,0.0,0.0,0.0,0.0,0.0,*,33.0,1.0,,76.1,70.0,HOU,,,4.0,"T, 20-20 (OT)",1.0,0.0,0.0,,,,,1.0,0.0,,,IND,7.0,@,1.0,5.2,,3.5,2.0,161.0,14.0,0.0,,,tayljo02,2022,tayljo02_2022_gamelog.csv,False
,,9.0,,,,,100.0,2022-09-18,0.0,0.0,0.0,0.0,0.0,0.0,0.0,*,34.0,2.0,,74.0,37.0,JAX,,,1.0,"L, 0-24",2.0,0.0,0.0,,,,,0.0,0.0,,,IND,1.0,@,2.0,6.0,,9.0,9.0,54.0,9.0,0.0,,,tayljo02,2022,tayljo02_2022_gamelog.csv,False
,,21.0,,,,,60.0,2022-09-25,0.0,0.0,0.0,0.0,1.0,0.0,0.0,*,35.0,3.0,,76.1,54.0,KAN,,,3.0,"W, 20-17",3.0,0.0,0.0,,,,,0.0,0.0,,,IND,5.0,,3.0,3.4,,6.7,4.0,71.0,20.0,0.0,,,tayljo02,2022,tayljo02_2022_gamelog.csv,False
,,20.0,,,,,33.3,2022-10-02,0.0,0.0,0.0,1.0,0.0,0.0,1.0,*,36.0,4.0,,87.9,58.0,TEN,,,1.0,"L, 17-24",4.0,0.0,0.0,,,,,0.0,0.0,,,IND,3.0,,4.0,2.1,,1.0,0.3,42.0,1.0,0.0,,,tayljo02,2022,tayljo02_2022_gamelog.csv,False
,,,,,,,,2022-10-06,,,,,,,,Inactive,,5.0,,,,DEN,,,,"W, 12-9 (OT)",4.0,,,,,,,,,,,IND,,@,5.0,,,,,,,,,,tayljo02,2022,tayljo02_2022_gamelog.csv,True
,,,,,,,,2022-10-16,,,,,,,,Inactive,,6.0,,,,JAX,,,,"W, 34-27",4.0,,,,,,,,,,,IND,,,6.0,,,,,,,,,,tayljo02,2022,tayljo02_2022_gamelog.csv,True
,,10.0,,,,,87.5,2022-10-23,0.0,0.0,0.0,0.0,0.0,0.0,0.0,*,37.0,7.0,,54.7,35.0,TEN,,,7.0,"L, 10-19",5.0,0.0,0.0,,,,,0.0,0.0,,,IND,8.0,@,7.0,5.8,,3.9,3.4,58.0,27.0,0.0,,,tayljo02,2022,tayljo02_2022_gamelog.csv,False
,,16.0,,,,,0.0,2022-10-30,0.0,0.0,0.0,1.0,0.0,0.0,1.0,*,38.0,8.0,,69.0,40.0,WAS,,,0.0,"L, 16-17",6.0,0.0,0.0,,,,,0.0,0.0,,,IND,1.0,,8.0,4.8,,,0.0,76.0,0.0,0.0,,,tayljo02,2022,tayljo02_2022_gamelog.csv,False
,,,,,,,,2022-11-06,,,,,,,,Inactive,,9.0,,,,NWE,,,,"L, 3-26",6.0,,,,,,,,,,,IND,,@,9.0,,,,,,,,,,tayljo02,2022,tayljo02_2022_gamelog.csv,True
,,22.0,,,,,100.0,2022-11-13,0.0,0.0,0.0,0.0,0.0,0.0,0.0,*,39.0,10.0,,93.8,61.0,LVR,,,2.0,"W, 25-20",7.0,0.0,0.0,,,,,1.0,0.0,,,IND,2.0,@,10.0,6.7,,8.0,8.0,147.0,16.0,0.0,,,tayljo02,2022,tayljo02_2022_gamelog.csv,False
,,22.0,,,,,75.0,2022-11-20,0.0,0.0,0.0,1.0,0.0,0.0,1.0,*,40.0,11.0,,75.4,49.0,PHI,,,3.0,"L, 16-17",8.0,0.0,0.0,,,,,1.0,0.0,,,IND,4.0,,11.0,3.8,,3.3,2.5,84.0,10.0,0.0,,,tayljo02,2022,tayljo02_2022_gamelog.csv,False
,,20.0,,,,,75.0,2022-11-28,0.0,0.0,0.0,0.0,0.0,0.0,0.0,*,41.0,12.0,,92.2,59.0,PIT,,,3.0,"L, 17-24",9.0,0.0,0.0,,,,,1.0,0.0,,,IND,4.0,,12.0,4.3,,4.0,3.0,86.0,12.0,0.0,,,tayljo02,2022,tayljo02_2022_gamelog.csv,False
,,21.0,,,,,75.0,2022-12-04,0.0,0.0,0.0,0.0,0.0,0.0,0.0,*,42.0,13.0,,81.9,59.0,DAL,,,3.0,"L, 19-54",10.0,0.0,0.0,,,,,0.0,0.0,,,IND,4.0,@,13.0,3.9,,7.0,5.3,82.0,21.0,0.0,,,tayljo02,2022,tayljo02_2022_gamelog.csv,False
,,0.0,,,,,100.0,2022-12-17,0.0,0.0,0.0,0.0,0.0,0.0,0.0,*,43.0,14.0,,2.5,2.0,MIN,,,1.0,"L, 36-39 (OT)",11.0,0.0,0.0,,,,,0.0,0.0,,,IND,1.0,@,15.0,,,13.0,13.0,0.0,13.0,0.0,,,tayljo02,2022,tayljo02_2022_gamelog.csv,False
,,,,,,,,2022-12-26,,,,,,,,Did Not Play,,15.0,,,,LAC,,,,"L, 3-20",11.0,,,,,,,,,,,IND,,,16.0,,,,,,,,,,tayljo02,2022,tayljo02_2022_gamelog.csv,True
,,,,,,,,2023-01-01,,,,,,,,Did Not Play,,16.0,,,,NYG,,,,"L, 10-38",11.0,,,,,,,,,,,IND,,@,17.0,,,,,,,,,,tayljo02,2022,tayljo02_2022_gamelog.csv,True
,,,,,,,,2023-01-08,,,,,,,,Did Not Play,,17.0,,,,HOU,,,,"L, 31-32",11.0,,,,,,,,,,,IND,,,18.0,,,,,,,,,,tayljo02,2022,tayljo02_2022_gamelog.csv,True
,,22.0,,,,,100.0,2022-09-11,0.0,0.0,0.0,0.0,0.0,0.0,0.0,*,59.0,1.0,,52.5,42.0,CAR,,,1.0,"W, 26-24",1.0,0.0,0.0,,,,,0.0,0.0,,,CLE,1.0,@,1.0,6.4,,2.0,2.0,141.0,2.0,0.0,,,chubni00,2022,chubni00_2022_gamelog.csv,False
,,17.0,,,,,100.0,2022-09-18,0.0,0.0,0.0,0.0,0.0,0.0,0.0,*,60.0,2.0,,53.7,36.0,NYJ,,,3.0,"L, 30-31",2.0,0.0,0.0,,,,,3.0,0.0,,,CLE,3.0,,2.0,5.1,,8.7,8.7,87.0,26.0,0.0,,,chubni00,2022,chubni00_2022_gamelog.csv,False
,,23.0,,,,,0.0,2022-09-22,0.0,0.0,0.0,0.0,0.0,0.0,0.0,*,61.0,3.0,,62.5,45.0,PIT,,,0.0,"W, 29-17",3.0,0.0,0.0,,,,,1.0,0.0,,,CLE,1.0,,3.0,4.9,,,0.0,113.0,0.0,0.0,,,chubni00,2022,chubni00_2022_gamelog.csv,False
,,19.0,,,,,66.7,2022-10-02,0.0,0.0,0.0,0.0,0.0,0.0,0.0,*,62.0,4.0,,54.8,40.0,ATL,,,2.0,"L, 20-23",4.0,0.0,0.0,,,,,1.0,0.0,,,CLE,3.0,@,4.0,6.2,,4.5,3.0,118.0,9.0,0.0,,,chubni00,2022,chubni00_2022_gamelog.csv,False
,,17.0,,,,,0.0,2022-10-09,0.0,0.0,0.0,0.0,0.0,0.0,0.0,*,63.0,5.0,,52.2,35.0,LAC,,,0.0,"L, 28-30",5.0,0.0,0.0,,,,,2.0,0.0,,,CLE,1.0,,5.0,7.9,,,0.0,134.0,0.0,0.0,,,chubni00,2022,chubni00_2022_gamelog.csv,False
,,12.0,,,,,50.0,2022-10-16,0.0,0.0,0.0,0.0,0.0,0.0,0.0,*,64.0,6.0,,44.3,31.0,NWE,,,1.0,"L, 15-38",6.0,0.0,0.0,,,,,0.0,0.0,,,CLE,2.0,,6.0,4.7,,14.0,7.0,56.0,14.0,0.0,,,chubni00,2022,chubni00_2022_gamelog.csv,False
,,16.0,,,,,66.7,2022-10-23,0.0,0.0,0.0,0.0,0.0,0.0,0.0,*,65.0,7.0,,56.7,34.0,BAL,,,2.0,"L, 20-23",7.0,0.0,0.0,,,,,1.0,0.0,,,CLE,3.0,@,7.0,5.7,,8.0,5.3,91.0,16.0,0.0,,,chubni00,2022,chubni00_2022_gamelog.csv,False
,,23.0,,,,,100.0,2022-10-31,0.0,0.0,0.0,0.0,0.0,0.0,0.0,*,66.0,8.0,,51.4,37.0,CIN,,,1.0,"W, 32-13",8.0,0.0,0.0,,,,,2.0,0.0,,,CLE,1.0,,8.0,4.4,,3.0,3.0,101.0,3.0,0.0,,,chubni00,2022,chubni00_2022_gamelog.csv,False
,,11.0,,,,,75.0,2022-11-13,0.0,0.0,0.0,1.0,0.0,0.0,1.0,*,67.0,9.0,,47.8,32.0,MIA,,,3.0,"L, 17-39",9.0,0.0,0.0,,,,,1.0,0.0,,,CLE,4.0,@,10.0,5.7,,6.0,4.5,63.0,18.0,0.0,,,chubni00,2022,chubni00_2022_gamelog.csv,False
,,14.0,,,,,100.0,2022-11-20,0.0,0.0,0.0,0.0,0.0,0.0,0.0,*,68.0,10.0,,54.7,41.0,BUF,,,3.0,"L, 23-31",10.0,0.0,0.0,,,,,0.0,0.0,,,CLE,3.0,@,11.0,1.4,,16.0,16.0,19.0,48.0,0.0,,,chubni00,2022,chubni00_2022_gamelog.csv,False
,,26.0,,,,,100.0,2022-11-27,0.0,0.0,0.0,0.0,0.0,0.0,0.0,*,69.0,11.0,,59.5,47.0,TAM,,,1.0,"W, 23-17 (OT)",11.0,0.0,0.0,,,,,1.0,0.0,,,CLE,1.0,,12.0,4.5,,16.0,16.0,116.0,16.0,0.0,,,chubni00,2022,chubni00_2022_gamelog.csv,False
,,17.0,,,,,0.0,2022-12-04,0.0,0.0,0.0,0.0,0.0,0.0,0.0,*,70.0,12.0,,50.8,32.0,HOU,,,0.0,"W, 27-14",12.0,0.0,0.0,,,,,0.0,0.0,,,CLE,1.0,@,13.0,4.7,,,0.0,80.0,0.0,0.0,,,chubni00,2022,chubni00_2022_gamelog.csv,False
,,14.0,,,,,100.0,2022-12-11,0.0,0.0,0.0,0.0,0.0,0.0,0.0,*,71.0,13.0,,62.5,45.0,CIN,,,3.0,"L, 10-23",13.0,0.0,0.0,,,,,0.0,0.0,,,CLE,3.0,@,14.0,2.4,,6.7,6.7,34.0,20.0,0.0,,,chubni00,2022,chubni00_2022_gamelog.csv,False
,,21.0,,,,,0.0,2022-12-17,0.0,0.0,0.0,0.0,0.0,0.0,0.0,*,72.0,14.0,,69.7,46.0,BAL,,,0.0,"W, 13-3",14.0,0.0,0.0,,,,,0.0,0.0,,,CLE,2.0,,15.0,4.7,,,0.0,99.0,0.0,0.0,,,chubni00,2022,chubni00_2022_gamelog.csv,False
,,24.0,,,,,100.0,2022-12-24,0.0,0.0,0.0,0.0,0.0,0.0,0.0,*,73.0,15.0,,52.9,37.0,NOR,,,1.0,"L, 10-17",15.0,0.0,0.0,,,,,0.0,0.0,,,CLE,1.0,,16.0,3.8,,10.0,10.0,92.0,10.0,0.0,,,chubni00,2022,chubni00_2022_gamelog.csv,False
,,14.0,,,,,100.0,2023-01-01,0.0,0.0,0.0,0.0,0.0,0.0,0.0,*,74.0,16.0,,56.1,32.0,WAS,,,1.0,"W, 24-10",16.0,0.0,0.0,,,,,0.0,0.0,,,CLE,1.0,@,17.0,7.4,,12.0,12.0,104.0,12.0,0.0,,,chubni00,2022,chubni00_2022_gamelog.csv,False
,,12.0,,,,,83.3,2023-01-08,0.0,0.0,0.0,0.0,0.0,0.0,0.0,*,75.0,17.0,,75.0,48.0,PIT,,,5.0,"L, 14-28",17.0,0.0,0.0,,,,,0.0,1.0,,,CLE,6.0,@,18.0,6.4,,9.0,7.5,77.0,45.0,0.0,,,chubni00,2022,chubni00_2022_gamelog.csv,False
,0.0,14.0,,,,0.0,100.0,2022-09-11,0.0,0.0,0.0,0.0,0.0,0.0,0.0,*,73.0,1.0,,49.3,33.0,LVR,0.0,,4.0,"W, 24-19",1.0,0.0,0.0,0.0,0.0,,0.0,0.0,0.0,,0.0,LAC,4.0,,1.0,2.6,,9.0,9.0,36.0,36.0,0.0,,,ekelau00,2022,ekelau00_2022_gamelog.csv,False
,0.0,14.0,,,,0.0,90.0,2022-09-15,0.0,0.0,0.0,0.0,0.0,0.0,0.0,*,74.0,2.0,,62.7,47.0,KAN,0.0,,9.0,"L, 24-27",2.0,0.0,0.0,0.0,0.0,,0.0,0.0,0.0,,0.0,LAC,10.0,@,2.0,2.8,,6.1,5.5,39.0,55.0,0.0,,,ekelau00,2022,ekelau00_2022_gamelog.csv,False
,0.0,4.0,,,,0.0,100.0,2022-09-25,0.0,0.0,0.0,0.0,0.0,0.0,0.0,*,75.0,3.0,,55.7,34.0,JAX,0.0,,8.0,"L, 10-38",3.0,0.0,0.0,0.0,0.0,,0.0,0.0,0.0,,0.0,LAC,8.0,,3.0,1.3,,6.0,6.0,5.0,48.0,0.0,,,ekelau00,2022,ekelau00_2022_gamelog.csv,False
,0.0,13.0,,,,0.0,85.7,2022-10-02,0.0,0.0,0.0,0.0,1.0,0.0,1.0,*,76.0,4.0,,58.6,41.0,HOU,0.0,,6.0,"W, 34-24",4.0,0.0,0.0,0.0,0.0,,0.0,2.0,1.0,,0.0,LAC,7.0,@,4.0,4.6,,8.2,7.0,60.0,49.0,0.0,,,ekelau00,2022,ekelau00_2022_gamelog.csv,False
,0.0,16.0,,,,0.0,100.0,2022-10-09,0.0,0.0,0.0,0.0,0.0,0.0,0.0,*,77.0,5.0,,59.2,42.0,CLE,0.0,,4.0,"W, 30-28",5.0,0.0,0.0,0.0,0.0,,0.0,1.0,1.0,,0.0,LAC,4.0,@,5.0,10.8,,6.5,6.5,173.0,26.0,0.0,,,ekelau00,2022,ekelau00_2022_gamelog.csv,False
,0.0,14.0,,,,0.0,62.5,2022-10-17,0.0,0.0,0.0,0.0,0.0,0.0,0.0,*,78.0,6.0,,65.6,61.0,DEN,0.0,,10.0,"W, 19-16 (OT)",6.0,0.0,0.0,0.0,0.0,,0.0,1.0,0.0,,0.0,LAC,16.0,,6.0,2.6,,4.7,2.9,36.0,47.0,0.0,,,ekelau00,2022,ekelau00_2022_gamelog.csv,False
,0.0,9.0,,,,0.0,100.0,2022-10-23,0.0,0.0,0.0,0.0,0.0,0.0,1.0,*,79.0,7.0,,77.5,55.0,SEA,0.0,,12.0,"L, 23-37",7.0,0.0,0.0,0.0,0.0,,0.0,1.0,1.0,,0.0,LAC,12.0,,7.0,3.4,,8.0,8.0,31.0,96.0,0.0,,,ekelau00,2022,ekelau00_2022_gamelog.csv,False
,0.0,14.0,,,,0.0,87.5,2022-11-06,0.0,0.0,0.0,1.0,0.0,0.0,1.0,*,80.0,8.0,,68.1,47.0,ATL,0.0,,7.0,"W, 20-17",8.0,0.0,0.0,0.0,0.0,,0.0,1.0,1.0,,0.0,LAC,8.0,@,9.0,3.4,,3.4,3.0,47.0,24.0,0.0,,,ekelau00,2022,ekelau00_2022_gamelog.csv,False
,0.0,6.0,,,,1.0,58.3,2022-11-13,0.0,0.0,0.0,0.0,0.0,0.0,0.0,*,81.0,9.0,,69.0,40.0,SFO,0.0,,7.0,"L, 16-22",9.0,0.0,0.0,0.0,0.0,,1.0,0.0,0.0,,0.0,LAC,12.0,@,10.0,4.0,,5.6,3.3,24.0,39.0,0.0,,,ekelau00,2022,ekelau00_2022_gamelog.csv,False
,0.0,19.0,,,,0.0,100.0,2022-11-20,0.0,0.0,0.0,0.0,0.0,0.0,0.0,*,82.0,10.0,,69.2,45.0,KAN,0.0,,2.0,"L, 27-30",10.0,0.0,0.0,0.0,0.0,,0.0,1.0,0.0,,0.0,LAC,2.0,,11.0,4.4,,8.5,8.5,83.0,17.0,0.0,,,ekelau00,2022,ekelau00_2022_gamelog.csv,False
,0.0,5.0,,,,0.0,73.3,2022-11-27,0.0,0.0,0.0,0.0,0.0,0.0,0.0,*,83.0,11.0,,69.7,46.0,ARI,0.0,,11.0,"W, 25-24",11.0,0.0,0.0,0.0,0.0,,0.0,0.0,1.0,,0.0,LAC,15.0,@,12.0,4.0,,5.5,4.0,20.0,60.0,0.0,,,ekelau00,2022,ekelau00_2022_gamelog.csv,False
,0.0,10.0,,,,0.0,83.3,2022-12-04,0.0,0.0,0.0,1.0,0.0,0.0,1.0,*,84.0,12.0,,60.0,45.0,LVR,0.0,,5.0,"L, 20-27",12.0,0.0,0.0,0.0,0.0,,0.0,0.0,0.0,,0.0,LAC,6.0,@,13.0,3.5,,13.4,11.2,35.0,67.0,0.0,,,ekelau00,2022,ekelau00_2022_gamelog.csv,False
,0.0,15.0,,,,0.0,100.0,2022-12-11,0.0,0.0,0.0,0.0,0.0,0.0,0.0,*,85.0,13.0,,58.8,47.0,MIA,0.0,,8.0,"W, 23-17",13.0,0.0,0.0,0.0,0.0,,0.0,1.0,0.0,,0.0,LAC,8.0,,14.0,3.0,,7.4,7.4,45.0,59.0,0.0,,,ekelau00,2022,ekelau00_2022_gamelog.csv,False
,0.0,12.0,,,,1.0,66.7,2022-12-18,0.0,0.0,0.0,0.0,0.0,0.0,0.0,*,86.0,14.0,,69.0,49.0,TEN,0.0,,2.0,"W, 17-14",14.0,0.0,0.0,0.0,0.0,,1.0,1.0,0.0,,0.0,LAC,3.0,,15.0,4.8,,6.0,4.0,58.0,12.0,0.0,,,ekelau00,2022,ekelau00_2022_gamelog.csv,False
,0.0,18.0,,,,0.0,100.0,2022-12-26,0.0,0.0,0.0,0.0,0.0,0.0,0.0,*,87.0,15.0,,60.3,41.0,IND,0.0,,4.0,"W, 20-3",15.0,0.0,0.0,0.0,0.0,,0.0,2.0,0.0,,0.0,LAC,4.0,@,16.0,3.7,,3.0,3.0,67.0,12.0,0.0,,,ekelau00,2022,ekelau00_2022_gamelog.csv,False
,0.0,10.0,,,,0.0,100.0,2023-01-01,0.0,0.0,0.0,0.0,0.0,0.0,0.0,*,88.0,16.0,,43.8,28.0,LAR,0.0,,4.0,"W, 31-10",16.0,0.0,0.0,0.0,0.0,,0.0,2.0,0.0,,0.0,LAC,4.0,,17.0,12.2,,9.8,9.8,122.0,39.0,0.0,,,ekelau00,2022,ekelau00_2022_gamelog.csv,False
,0.0,11.0,,,,2.0,100.0,2023-01-08,0.0,0.0,0.0,1.0,0.0,0.0,1.0,*,89.0,17.0,,48.5,33.0,DEN,0.0,,4.0,"L, 28-31",17.0,0.0,0.0,0.0,0.0,,2.0,0.0,0.0,,0.0,LAC,4.0,@,18.0,3.1,,9.0,9.0,34.0,36.0,0.0,,,ekelau00,2022,ekelau00_2022_gamelog.csv,False
,,5.0,,,,,60.0,2022-09-11,0.0,0.0,0.0,0.0,0.0,0.0,0.0,*,70.0,1.0,,60.7,37.0,MIN,,,3.0,"L, 7-23",1.0,0.0,0.0,,,,,0.0,0.0,,,GNB,5.0,@,1.0,9.8,,9.0,5.4,49.0,27.0,0.0,,,joneaa00,2022,joneaa00_2022_gamelog.csv,False
,,15.0,,,,,100.0,2022-09-18,0.0,0.0,0.0,0.0,0.0,0.0,0.0,*,71.0,2.0,,58.8,40.0,CHI,,,3.0,"W, 27-10",2.0,0.0,0.0,,,,,1.0,1.0,,,GNB,3.0,,2.0,8.8,,12.7,12.7,132.0,38.0,0.0,,,joneaa00,2022,joneaa00_2022_gamelog.csv,False
,,12.0,,,,,75.0,2022-09-25,0.0,0.0,0.0,1.0,0.0,0.0,1.0,*,72.0,3.0,,62.9,39.0,TAM,,,3.0,"W, 14-12",3.0,4.0,1.0,,,,,0.0,0.0,,,GNB,4.0,@,3.0,3.0,,3.7,2.8,36.0,11.0,0.0,,,joneaa00,2022,joneaa00_2022_gamelog.csv,False
,,16.0,,,,,75.0,2022-10-02,0.0,0.0,0.0,0.0,0.0,0.0,0.0,*,73.0,4.0,,61.6,45.0,NWE,,,3.0,"W, 27-24 (OT)",4.0,0.0,0.0,,,,,0.0,0.0,,,GNB,4.0,,4.0,6.9,,1.7,1.3,110.0,5.0,0.0,,,joneaa00,2022,joneaa00_2022_gamelog.csv,False
,,13.0,,,,,66.7,2022-10-09,0.0,0.0,0.0,0.0,0.0,0.0,0.0,*,74.0,5.0,,73.0,46.0,NYG,,,2.0,"L, 22-27",5.0,0.0,0.0,,,,,0.0,0.0,,,GNB,3.0,,5.0,4.8,,8.5,5.7,63.0,17.0,0.0,,,joneaa00,2022,joneaa00_2022_gamelog.csv,False
,,9.0,,,,,75.0,2022-10-16,0.0,0.0,0.0,0.0,1.0,0.0,0.0,*,75.0,6.0,,56.2,41.0,NYJ,,,3.0,"L, 10-27",6.0,0.0,0.0,,,,,0.0,0.0,,,GNB,4.0,,6.0,2.1,,8.3,6.3,19.0,25.0,0.0,,,joneaa00,2022,joneaa00_2022_gamelog.csv,False
,,8.0,,,,,90.0,2022-10-23,0.0,0.0,0.0,0.0,0.0,0.0,0.0,*,76.0,7.0,,74.1,40.0,WAS,,,9.0,"L, 21-23",7.0,0.0,0.0,,,,,0.0,2.0,,,GNB,10.0,@,7.0,2.9,,5.9,5.3,23.0,53.0,0.0,,,joneaa00,2022,joneaa00_2022_gamelog.csv,False
,,20.0,,,,,80.0,2022-10-30,0.0,0.0,0.0,0.0,0.0,0.0,0.0,*,77.0,8.0,,66.7,44.0,BUF,,,4.0,"L, 17-27",8.0,0.0,0.0,,,,,0.0,0.0,,,GNB,5.0,@,8.0,7.2,,3.5,2.8,143.0,14.0,0.0,,,joneaa00,2022,joneaa00_2022_gamelog.csv,False
,,9.0,,,,,100.0,2022-11-06,0.0,0.0,0.0,0.0,0.0,0.0,0.0,*,78.0,9.0,,40.5,30.0,DET,,,2.0,"L, 9-15",9.0,0.0,0.0,,,,,0.0,0.0,,,GNB,2.0,@,9.0,2.8,,10.0,10.0,25.0,20.0,0.0,,,joneaa00,2022,joneaa00_2022_gamelog.csv,False
,,24.0,,,,,100.0,2022-11-13,0.0,0.0,0.0,0.0,1.0,0.0,1.0,*,79.0,10.0,,70.3,45.0,DAL,,,2.0,"W, 31-28 (OT)",10.0,0.0,0.0,,,,,1.0,0.0,,,GNB,2.0,,10.0,5.8,,9.0,9.0,138.0,18.0,0.0,,,joneaa00,2022,joneaa00_2022_gamelog.csv,False
,,12.0,,,,,85.7,2022-11-17,0.0,0.0,0.0,0.0,0.0,0.0,1.0,*,80.0,11.0,,65.6,40.0,TEN,,,6.0,"L, 17-27",11.0,0.0,0.0,,,,,0.0,0.0,,,GNB,7.0,,11.0,3.3,,3.3,2.9,40.0,20.0,0.0,,,joneaa00,2022,joneaa00_2022_gamelog.csv,False
,,12.0,,,,,75.0,2022-11-27,0.0,0.0,0.0,0.0,0.0,0.0,0.0,*,81.0,12.0,,71.4,35.0,PHI,,,3.0,"L, 33-40",12.0,0.0,0.0,,,,,0.0,1.0,,,GNB,4.0,@,12.0,3.6,,18.7,14.0,43.0,56.0,0.0,,,joneaa00,2022,joneaa00_2022_gamelog.csv,False
,,9.0,,,,,100.0,2022-12-04,0.0,0.0,0.0,0.0,0.0,0.0,0.0,*,82.0,13.0,,37.9,25.0,CHI,,,5.0,"W, 28-19",13.0,0.0,0.0,,,,,0.0,0.0,,,GNB,5.0,@,13.0,2.9,,4.8,4.8,26.0,24.0,0.0,,,joneaa00,2022,joneaa00_2022_gamelog.csv,False
,,17.0,,,,,80.0,2022-12-19,0.0,0.0,0.0,1.0,0.0,0.0,1.0,*,83.0,14.0,,56.3,40.0,LAR,,,4.0,"W, 24-12",14.0,0.0,0.0,,,,,0.0,1.0,,,GNB,5.0,,15.0,5.3,,9.0,7.2,90.0,36.0,0.0,,,joneaa00,2022,joneaa00_2022_gamelog.csv,False
,,6.0,,,,,100.0,2022-12-25,0.0,0.0,0.0,0.0,0.0,0.0,0.0,*,84.0,15.0,,37.9,25.0,MIA,,,2.0,"W, 26-20",15.0,0.0,0.0,,,,,0.0,0.0,,,GNB,2.0,@,16.0,4.2,,4.5,4.5,25.0,9.0,0.0,,,joneaa00,2022,joneaa00_2022_gamelog.csv,False
,,14.0,,,,,66.7,2023-01-01,0.0,0.0,0.0,0.0,0.0,0.0,0.0,*,85.0,16.0,,39.7,25.0,MIN,,,2.0,"W, 41-17",16.0,7.1,2.0,,,,,0.0,0.0,,,GNB,3.0,,17.0,7.9,,1.0,0.7,111.0,2.0,0.0,,,joneaa00,2022,joneaa00_2022_gamelog.csv,False
,,12.0,,,,,75.0,2023-01-08,0.0,0.0,0.0,1.0,0.0,0.0,1.0,*,86.0,17.0,,55.0,33.0,DET,,,3.0,"L, 16-20",17.0,0.0,0.0,,,,,0.0,0.0,,,GNB,4.0,,18.0,4.0,,6.7,5.0,48.0,20.0,0.0,,,joneaa00,2022,joneaa00_2022_gamelog.csv,False
,0.0,6.0,,,,1.0,100.0,2022-09-11,0.0,0.0,,,,,,*,47.0,1.0,,55.1,38.0,TAM,0.0,,2.0,"L, 3-19",1.0,8.3,2.0,0.0,0.0,,1.0,0.0,0.0,,0.0,DAL,2.0,,1.0,1.3,,7.0,7.0,8.0,14.0,,,,pollto00,2022,pollto00_2022_gamelog.csv,False
,0.0,9.0,,,,0.0,57.1,2022-09-18,0.0,0.0,,,,,,,48.0,2.0,,39.3,24.0,CIN,0.0,,4.0,"W, 20-17",2.0,0.0,0.0,0.0,0.0,,0.0,1.0,0.0,,0.0,DAL,7.0,,2.0,4.8,,13.8,7.9,43.0,55.0,,,,pollto00,2022,pollto00_2022_gamelog.csv,False
,0.0,13.0,,,,0.0,0.0,2022-09-26,0.0,0.0,,,,,,,49.0,3.0,,43.8,28.0,NYG,0.0,,0.0,"W, 23-16",3.0,3.4,1.0,0.0,0.0,,0.0,0.0,0.0,,0.0,DAL,1.0,@,3.0,8.1,,,0.0,105.0,0.0,,,,pollto00,2022,pollto00_2022_gamelog.csv,False
,0.0,8.0,,,,0.0,33.3,2022-10-02,0.0,0.0,,,,,,,50.0,4.0,,39.3,24.0,WAS,0.0,,1.0,"W, 25-10",4.0,6.7,2.0,0.0,0.0,,0.0,0.0,0.0,,0.0,DAL,3.0,,4.0,0.8,,2.0,0.7,6.0,2.0,,,,pollto00,2022,pollto00_2022_gamelog.csv,False
,0.0,8.0,,,,0.0,,2022-10-09,0.0,0.0,,,,,,,51.0,5.0,,41.8,23.0,LAR,0.0,,0.0,"W, 22-10",5.0,0.0,0.0,0.0,0.0,,0.0,1.0,0.0,,0.0,DAL,0.0,@,5.0,10.8,,,,86.0,0.0,,,,pollto00,2022,pollto00_2022_gamelog.csv,False
,0.0,11.0,,,,0.0,66.7,2022-10-16,0.0,0.0,,,,,,,52.0,6.0,,40.3,27.0,PHI,0.0,,2.0,"L, 17-26",6.0,0.0,0.0,0.0,0.0,,0.0,0.0,0.0,,0.0,DAL,3.0,@,6.0,4.0,,4.0,2.7,44.0,8.0,,,,pollto00,2022,pollto00_2022_gamelog.csv,False
,0.0,12.0,,,,0.0,100.0,2022-10-23,0.0,0.0,,,,,,,53.0,7.0,,65.1,41.0,DET,0.0,,2.0,"W, 24-6",7.0,0.0,0.0,0.0,0.0,,0.0,0.0,0.0,,0.0,DAL,2.0,,7.0,6.9,,13.0,13.0,83.0,26.0,,,,pollto00,2022,pollto00_2022_gamelog.csv,False
,0.0,14.0,,,,0.0,100.0,2022-10-30,0.0,0.0,,,,,,*,54.0,8.0,,53.4,31.0,CHI,0.0,,1.0,"W, 49-29",8.0,0.0,0.0,0.0,0.0,,0.0,3.0,0.0,,0.0,DAL,1.0,,8.0,9.4,,16.0,16.0,131.0,16.0,,,,pollto00,2022,pollto00_2022_gamelog.csv,False
,0.0,22.0,,,,0.0,50.0,2022-11-13,0.0,0.0,,,,,,*,55.0,9.0,,86.7,72.0,GNB,0.0,,3.0,"L, 28-31 (OT)",9.0,0.0,0.0,0.0,0.0,,0.0,1.0,0.0,,0.0,DAL,6.0,@,10.0,5.2,,4.3,2.2,115.0,13.0,,,,pollto00,2022,pollto00_2022_gamelog.csv,False
,0.0,15.0,,,,0.0,100.0,2022-11-20,0.0,0.0,,,,,,,56.0,10.0,,54.2,39.0,MIN,0.0,,6.0,"W, 40-3",10.0,0.0,0.0,0.0,0.0,,0.0,0.0,2.0,,0.0,DAL,6.0,@,11.0,5.3,,18.2,18.2,80.0,109.0,,,,pollto00,2022,pollto00_2022_gamelog.csv,False
,0.0,18.0,,,,0.0,100.0,2022-11-24,0.0,0.0,,,,,,,57.0,11.0,,58.7,44.0,NYG,0.0,,2.0,"W, 28-20",11.0,4.3,1.0,0.0,0.0,,0.0,0.0,0.0,,0.0,DAL,2.0,,12.0,3.3,,0.5,0.5,60.0,1.0,,,,pollto00,2022,pollto00_2022_gamelog.csv,False
,0.0,12.0,,,,0.0,66.7,2022-12-04,0.0,0.0,,,,,,*,58.0,12.0,,41.2,28.0,IND,0.0,,2.0,"W, 54-19",12.0,0.0,0.0,0.0,0.0,,0.0,2.0,0.0,,0.0,DAL,3.0,,13.0,7.6,,7.5,5.0,91.0,15.0,,,,pollto00,2022,pollto00_2022_gamelog.csv,False
,0.0,10.0,,,,0.0,80.0,2022-12-11,0.0,0.0,,,,,,,59.0,13.0,,57.7,41.0,HOU,0.0,,4.0,"W, 27-23",13.0,0.0,0.0,0.0,0.0,,0.0,1.0,1.0,,0.0,DAL,5.0,,14.0,4.2,,5.0,4.0,42.0,20.0,,,,pollto00,2022,pollto00_2022_gamelog.csv,False
,0.0,19.0,,,,0.0,80.0,2022-12-18,0.0,0.0,,,,,,,60.0,14.0,,54.7,41.0,JAX,0.0,,4.0,"L, 34-40 (OT)",14.0,0.0,0.0,0.0,0.0,,0.0,0.0,0.0,,0.0,DAL,5.0,@,15.0,3.9,,7.8,6.2,75.0,31.0,,,,pollto00,2022,pollto00_2022_gamelog.csv,False
,0.0,9.0,,,,0.0,75.0,2022-12-24,0.0,0.0,,,,,,,61.0,15.0,,53.4,39.0,PHI,0.0,,6.0,"W, 40-34",15.0,0.0,0.0,0.0,0.0,,0.0,0.0,0.0,,0.0,DAL,8.0,,16.0,2.1,,10.2,7.6,19.0,61.0,,,,pollto00,2022,pollto00_2022_gamelog.csv,False
,,,,,,,,2022-12-29,,,,,,,,Inactive,,16.0,,,,TEN,,,,"W, 27-13",15.0,,,,,,,,,,,DAL,,@,17.0,,,,,,,,,,pollto00,2022,pollto00_2022_gamelog.csv,True
,0.0,7.0,,,,0.0,0.0,2023-01-08,0.0,0.0,,,,,,,62.0,17.0,,43.3,29.0,WAS,0.0,,0.0,"L, 6-26",16.0,0.0,0.0,0.0,0.0,,0.0,0.0,0.0,,0.0,DAL,1.0,@,18.0,2.7,,,0.0,19.0,0.0,,,,pollto00,2022,pollto00_2022_gamelog.csv,False
,,18.0,,,,,85.7,2022-09-11,0.0,0.0,0.0,0.0,0.0,0.0,1.0,*,45.0,1.0,,83.3,50.0,TEN,,,6.0,"W, 21-20",1.0,0.0,0.0,,,,,1.0,0.0,,,NYG,7.0,@,1.0,9.1,,5.0,4.3,164.0,30.0,0.0,,,barksa00,2022,barksa00_2022_gamelog.csv,False
,,21.0,,,,,75.0,2022-09-18,0.0,0.0,0.0,0.0,0.0,0.0,0.0,*,46.0,2.0,,83.6,61.0,CAR,,,3.0,"W, 19-16",2.0,0.0,0.0,,,,,0.0,0.0,,,NYG,4.0,,2.0,3.4,,5.3,4.0,72.0,16.0,0.0,,,barksa00,2022,barksa00_2022_gamelog.csv,False
,,14.0,,,,,100.0,2022-09-26,0.0,0.0,0.0,0.0,0.0,0.0,0.0,*,47.0,3.0,,91.7,66.0,DAL,,,4.0,"L, 16-23",3.0,0.0,0.0,,,,,1.0,0.0,,,NYG,4.0,,3.0,5.8,,11.3,11.3,81.0,45.0,0.0,,,barksa00,2022,barksa00_2022_gamelog.csv,False
,,31.0,,,,,100.0,2022-10-02,0.0,0.0,0.0,0.0,0.0,0.0,0.0,*,48.0,4.0,,93.8,61.0,CHI,,,2.0,"W, 20-12",4.0,0.0,0.0,,,,,0.0,0.0,,,NYG,2.0,,4.0,4.7,,8.0,8.0,146.0,16.0,0.0,,,barksa00,2022,barksa00_2022_gamelog.csv,False
,,13.0,,,,,50.0,2022-10-09,0.0,0.0,0.0,0.0,0.0,0.0,0.0,*,49.0,5.0,,68.9,42.0,GNB,,,3.0,"W, 27-22",5.0,0.0,0.0,,,,,1.0,0.0,,,NYG,6.0,@,5.0,5.4,,12.0,6.0,70.0,36.0,0.0,,,barksa00,2022,barksa00_2022_gamelog.csv,False
,,22.0,,,,,100.0,2022-10-16,0.0,0.0,0.0,0.0,0.0,0.0,0.0,*,50.0,6.0,,87.7,57.0,BAL,,,3.0,"W, 24-20",6.0,0.0,0.0,,,,,1.0,0.0,,,NYG,3.0,,6.0,3.8,,4.0,4.0,83.0,12.0,0.0,,,barksa00,2022,barksa00_2022_gamelog.csv,False
,,24.0,,,,,100.0,2022-10-23,0.0,0.0,0.0,0.0,0.0,0.0,0.0,*,51.0,7.0,,80.5,62.0,JAX,,,4.0,"W, 23-17",7.0,0.0,0.0,,,,,0.0,0.0,,,NYG,4.0,@,7.0,4.6,,6.3,6.3,110.0,25.0,0.0,,,barksa00,2022,barksa00_2022_gamelog.csv,False
,,20.0,,,,,60.0,2022-10-30,0.0,0.0,0.0,0.0,0.0,0.0,0.0,*,52.0,8.0,,80.0,52.0,SEA,,,3.0,"L, 13-27",8.0,0.0,0.0,,,,,1.0,0.0,,,NYG,5.0,@,8.0,2.7,,3.0,1.8,53.0,9.0,0.0,,,barksa00,2022,barksa00_2022_gamelog.csv,False
,,35.0,,,,,100.0,2022-11-13,0.0,0.0,0.0,0.0,0.0,0.0,0.0,*,53.0,9.0,,79.7,55.0,HOU,,,1.0,"W, 24-16",9.0,6.7,2.0,,,,,1.0,0.0,,,NYG,1.0,,10.0,4.3,,8.0,8.0,152.0,8.0,0.0,,,barksa00,2022,barksa00_2022_gamelog.csv,False
,,15.0,,,,,40.0,2022-11-20,0.0,0.0,0.0,0.0,0.0,0.0,0.0,*,54.0,10.0,,76.3,58.0,DET,,,2.0,"L, 18-31",10.0,0.0,0.0,,,,,0.0,0.0,,,NYG,5.0,,11.0,1.5,,6.5,2.6,22.0,13.0,0.0,,,barksa00,2022,barksa00_2022_gamelog.csv,False
,,11.0,,,,,66.7,2022-11-24,0.0,0.0,0.0,0.0,0.0,0.0,0.0,*,55.0,11.0,,73.4,47.0,DAL,,,4.0,"L, 20-28",11.0,0.0,0.0,,,,,1.0,0.0,,,NYG,6.0,@,12.0,3.5,,3.3,2.2,39.0,13.0,0.0,,,barksa00,2022,barksa00_2022_gamelog.csv,False
,,18.0,,,,,100.0,2022-12-04,0.0,0.0,0.0,0.0,0.0,0.0,0.0,*,56.0,12.0,,87.9,58.0,WAS,,,5.0,"T, 20-20 (OT)",12.0,0.0,0.0,,,,,1.0,0.0,,,NYG,5.0,,13.0,3.5,,3.6,3.6,63.0,18.0,0.0,,,barksa00,2022,barksa00_2022_gamelog.csv,False
,,9.0,,,,,100.0,2022-12-11,0.0,0.0,0.0,0.0,0.0,0.0,0.0,*,57.0,13.0,,31.3,20.0,PHI,,,2.0,"L, 22-48",13.0,0.0,0.0,,,,,0.0,0.0,,,NYG,2.0,,14.0,3.1,,10.0,10.0,28.0,20.0,0.0,,,barksa00,2022,barksa00_2022_gamelog.csv,False
,,18.0,,,,,62.5,2022-12-18,0.0,0.0,0.0,0.0,0.0,0.0,0.0,*,58.0,14.0,,85.7,54.0,WAS,,,5.0,"W, 20-12",14.0,0.0,0.0,,,,,1.0,0.0,,,NYG,8.0,@,15.0,4.8,,6.6,4.1,87.0,33.0,0.0,,,barksa00,2022,barksa00_2022_gamelog.csv,False
,,14.0,,,,,80.0,2022-12-24,0.0,0.0,0.0,0.0,0.0,0.0,0.0,*,59.0,15.0,,91.3,63.0,MIN,,,8.0,"L, 24-27",15.0,0.0,0.0,,,,,1.0,0.0,,,NYG,10.0,@,16.0,6.0,,6.1,4.9,84.0,49.0,0.0,,,barksa00,2022,barksa00_2022_gamelog.csv,False
,,12.0,,,,,50.0,2023-01-01,0.0,0.0,0.0,0.0,0.0,0.0,0.0,*,60.0,16.0,,79.4,50.0,IND,,,2.0,"W, 38-10",16.0,0.0,0.0,,,,,0.0,0.0,,,NYG,4.0,,17.0,4.8,,-2.5,-1.3,58.0,-5.0,0.0,,,barksa00,2022,barksa00_2022_gamelog.csv,False
,,,,,,,,2023-01-08,,,,,,,,Inactive,,17.0,,,,PHI,,,,"L, 16-22",16.0,,,,,,,,,,,NYG,,@,18.0,,,,,,,,,,barksa00,2022,barksa00_2022_gamelog.csv,True
,0.0,0.0,,,,0.0,,2022-09-08,0.0,0.0,,,,,,,1.0,1.0,,0.0,0.0,BUF,0.0,,0.0,"L, 10-31",1.0,5.3,1.0,0.0,0.0,,0.0,0.0,0.0,,0.0,LAR,0.0,,1.0,,,,,0.0,0.0,,,,willky02,2022,willky02_2022_gamelog.csv,True
,,,,,,,,2022-09-18,,,,,,,,Did Not Play,,2.0,,,,ATL,,,,"W, 31-27",1.0,,,,,,,,,,,LAR,,,2.0,,,,,,,,,,willky02,2022,willky02_2022_gamelog.csv,True
,,,,,,,,2022-09-25,,,,,,,,Did Not Play,,3.0,,,,ARI,,,,"W, 20-12",1.0,,,,,,,,,,,LAR,,@,3.0,,,,,,,,,,willky02,2022,willky02_2022_gamelog.csv,True
,,,,,,,,2022-10-03,,,,,,,,Did Not Play,,4.0,,,,SFO,,,,"L, 9-24",1.0,,,,,,,,,,,LAR,,@,4.0,,,,,,,,,,willky02,2022,willky02_2022_gamelog.csv,True
,,,,,,,,2022-10-09,,,,,,,,Did Not Play,,5.0,,,,DAL,,,,"L, 10-22",1.0,,,,,,,,,,,LAR,,,5.0,,,,,,,,,,willky02,2022,willky02_2022_gamelog.csv,True
,,,,,,,,2022-10-16,,,,,,,,Did Not Play,,6.0,,,,CAR,,,,"W, 24-10",1.0,,,,,,,,,,,LAR,,,6.0,,,,,,,,,,willky02,2022,willky02_2022_gamelog.csv,True
,,,,,,,,2022-10-30,,,,,,,,Did Not Play,,7.0,,,,SFO,,,,"L, 14-31",1.0,,,,,,,,,,,LAR,,,8.0,,,,,,,,,,willky02,2022,willky02_2022_gamelog.csv,True
,,,,,,,,2022-11-06,,,,,,,,Did Not Play,,8.0,,,,TAM,,,,"L, 13-16",1.0,,,,,,,,,,,LAR,,@,9.0,,,,,,,,,,willky02,2022,willky02_2022_gamelog.csv,True
,0.0,1.0,,,,0.0,100.0,2022-11-13,0.0,0.0,,,,,,,2.0,9.0,,26.7,16.0,ARI,0.0,,3.0,"L, 17-27",2.0,17.9,5.0,0.0,0.0,,0.0,0.0,0.0,,0.0,LAR,3.0,,10.0,9.0,,10.0,10.0,9.0,30.0,,,,willky02,2022,willky02_2022_gamelog.csv,False
,0.0,7.0,,,,0.0,50.0,2022-11-20,0.0,0.0,,,,,,,3.0,10.0,,54.7,35.0,NOR,0.0,,1.0,"L, 20-27",3.0,25.8,8.0,0.0,0.0,,0.0,0.0,0.0,,0.0,LAR,2.0,@,11.0,5.1,,8.0,4.0,36.0,8.0,,,,willky02,2022,willky02_2022_gamelog.csv,False
,0.0,11.0,,,,0.0,100.0,2022-11-27,0.0,0.0,,,,,,,4.0,11.0,,70.4,38.0,KAN,0.0,,3.0,"L, 10-26",4.0,20.8,5.0,0.0,0.0,,0.0,0.0,0.0,,0.0,LAR,3.0,@,12.0,3.2,,8.3,8.3,35.0,25.0,,,,willky02,2022,willky02_2022_gamelog.csv,False
,0.0,3.0,,,,1.0,0.0,2022-12-04,0.0,0.0,,,,,,,5.0,12.0,,28.1,18.0,SEA,0.0,,0.0,"L, 23-27",5.0,3.7,1.0,0.0,0.0,,1.0,0.0,0.0,,0.0,LAR,1.0,,13.0,3.0,,,0.0,9.0,0.0,,,,willky02,2022,willky02_2022_gamelog.csv,False
,0.0,3.0,,,,0.0,50.0,2022-12-08,0.0,0.0,,,,,,,6.0,13.0,,29.7,19.0,LVR,0.0,,1.0,"W, 17-16",6.0,12.0,3.0,0.0,0.0,,0.0,0.0,0.0,,0.0,LAR,2.0,,14.0,6.3,,10.0,5.0,19.0,10.0,,,,willky02,2022,willky02_2022_gamelog.csv,False
,0.0,2.0,,,,0.0,,2022-12-19,0.0,0.0,,,,,,,7.0,14.0,,8.9,4.0,GNB,0.0,,0.0,"L, 12-24",7.0,19.0,4.0,0.0,0.0,,0.0,0.0,0.0,,0.0,LAR,0.0,@,15.0,3.5,,,,7.0,0.0,,,,willky02,2022,willky02_2022_gamelog.csv,False
,0.0,6.0,,,,0.0,100.0,2022-12-25,0.0,0.0,,,,,,,8.0,15.0,,12.3,8.0,DEN,0.0,,1.0,"W, 51-14",8.0,7.7,2.0,0.0,0.0,,0.0,0.0,0.0,,0.0,LAR,1.0,,16.0,3.0,,3.0,3.0,18.0,3.0,,,,willky02,2022,willky02_2022_gamelog.csv,False
,0.0,2.0,,,,1.0,,2023-01-01,0.0,0.0,,,,,,,9.0,16.0,,6.1,3.0,LAC,0.0,,0.0,"L, 10-31",9.0,32.0,8.0,0.0,0.0,,1.0,0.0,0.0,,0.0,LAR,0.0,@,17.0,3.0,,,,6.0,0.0,,,,willky02,2022,willky02_2022_gamelog.csv,False
,0.0,0.0,,,,0.0,,2023-01-08,0.0,0.0,,,,,,,10.0,17.0,,0.0,0.0,SEA,0.0,,0.0,"L, 16-19 (OT)",10.0,48.5,16.0,0.0,0.0,,0.0,0.0,0.0,,0.0,LAR,0.0,@,18.0,,,,,0.0,0.0,,,,willky02,2022,willky02_2022_gamelog.csv,True
,0.0,10.0,,,,0.0,100.0,2022-09-11,0.0,0.0,0.0,0.0,0.0,0.0,0.0,*,44.0,1.0,,60.3,35.0,LAC,0.0,,1.0,"L, 19-24",1.0,0.0,0.0,0.0,0.0,,0.0,0.0,0.0,,0.0,LVR,1.0,@,1.0,5.7,,16.0,16.0,57.0,16.0,0.0,,,jacojo01,2022,jacojo01_2022_gamelog.csv,False
,0.0,19.0,,,,0.0,100.0,2022-09-18,0.0,0.0,0.0,0.0,0.0,0.0,0.0,*,45.0,2.0,,71.6,48.0,ARI,0.0,,1.0,"L, 23-29 (OT)",2.0,0.0,0.0,0.0,0.0,,0.0,0.0,0.0,,0.0,LVR,1.0,,2.0,3.6,,12.0,12.0,69.0,12.0,0.0,,,jacojo01,2022,jacojo01_2022_gamelog.csv,False
,0.0,13.0,,,,0.0,100.0,2022-09-25,0.0,0.0,0.0,0.0,0.0,0.0,1.0,*,46.0,3.0,,64.3,45.0,TEN,0.0,,5.0,"L, 22-24",3.0,0.0,0.0,0.0,0.0,,0.0,0.0,0.0,,0.0,LVR,5.0,@,3.0,5.1,,6.2,6.2,66.0,31.0,0.0,,,jacojo01,2022,jacojo01_2022_gamelog.csv,False
,0.0,28.0,,,,0.0,83.3,2022-10-02,0.0,0.0,0.0,0.0,0.0,0.0,0.0,*,47.0,4.0,,89.3,67.0,DEN,0.0,,5.0,"W, 32-23",4.0,0.0,0.0,0.0,0.0,,0.0,2.0,0.0,,0.0,LVR,6.0,,4.0,5.1,,6.2,5.2,144.0,31.0,0.0,,,jacojo01,2022,jacojo01_2022_gamelog.csv,False
,0.0,21.0,,,,0.0,100.0,2022-10-10,0.0,0.0,0.0,0.0,0.0,0.0,0.0,*,48.0,5.0,,81.3,52.0,KAN,0.0,,5.0,"L, 29-30",5.0,0.0,0.0,0.0,0.0,,0.0,1.0,0.0,,0.0,LVR,5.0,@,5.0,7.3,,7.8,7.8,154.0,39.0,0.0,,,jacojo01,2022,jacojo01_2022_gamelog.csv,False
,0.0,20.0,,,,0.0,75.0,2022-10-23,0.0,0.0,0.0,0.0,0.0,0.0,0.0,*,49.0,6.0,,80.4,45.0,HOU,0.0,,3.0,"W, 38-20",6.0,0.0,0.0,0.0,0.0,,0.0,3.0,0.0,,0.0,LVR,4.0,,7.0,7.2,,4.0,3.0,143.0,12.0,0.0,,,jacojo01,2022,jacojo01_2022_gamelog.csv,False
,0.0,10.0,,,,0.0,50.0,2022-10-30,0.0,0.0,0.0,0.0,0.0,0.0,0.0,*,50.0,7.0,,55.2,32.0,NOR,0.0,,2.0,"L, 0-24",7.0,0.0,0.0,0.0,0.0,,0.0,0.0,0.0,,0.0,LVR,4.0,@,8.0,4.3,,5.5,2.8,43.0,11.0,0.0,,,jacojo01,2022,jacojo01_2022_gamelog.csv,False
,0.0,17.0,,,,0.0,100.0,2022-11-06,0.0,0.0,0.0,0.0,0.0,0.0,0.0,*,51.0,8.0,,69.5,41.0,JAX,0.0,,3.0,"L, 20-27",8.0,0.0,0.0,0.0,0.0,,0.0,0.0,0.0,,0.0,LVR,3.0,@,9.0,3.9,,6.7,6.7,67.0,20.0,0.0,,,jacojo01,2022,jacojo01_2022_gamelog.csv,False
,0.0,21.0,,,,0.0,75.0,2022-11-13,0.0,0.0,0.0,0.0,0.0,0.0,0.0,*,52.0,9.0,,78.6,55.0,IND,0.0,,6.0,"L, 20-25",9.0,0.0,0.0,0.0,0.0,,0.0,1.0,0.0,,0.0,LVR,8.0,,10.0,3.7,,4.7,3.5,78.0,28.0,0.0,,,jacojo01,2022,jacojo01_2022_gamelog.csv,False
,0.0,24.0,,,,0.0,75.0,2022-11-20,0.0,0.0,0.0,0.0,0.0,0.0,0.0,*,53.0,10.0,,80.3,53.0,DEN,0.0,,3.0,"W, 22-16 (OT)",10.0,0.0,0.0,0.0,0.0,,0.0,0.0,0.0,,0.0,LVR,4.0,@,11.0,4.5,,17.0,12.8,109.0,51.0,0.0,,,jacojo01,2022,jacojo01_2022_gamelog.csv,False
,1.0,33.0,,,,2.0,85.7,2022-11-27,0.0,0.0,0.0,0.0,0.0,0.0,0.0,*,54.0,11.0,,79.2,61.0,SEA,0.0,,6.0,"W, 40-34 (OT)",11.0,0.0,0.0,0.0,0.0,,1.0,2.0,0.0,,0.0,LVR,7.0,@,12.0,6.9,,12.3,10.6,229.0,74.0,0.0,,,jacojo01,2022,jacojo01_2022_gamelog.csv,False
,0.0,26.0,,,,0.0,100.0,2022-12-04,0.0,0.0,0.0,1.0,0.0,0.0,1.0,*,55.0,12.0,,75.4,46.0,LAC,0.0,,2.0,"W, 27-20",12.0,0.0,0.0,0.0,0.0,,0.0,1.0,0.0,,0.0,LVR,2.0,,13.0,5.5,,3.0,3.0,144.0,6.0,0.0,,,jacojo01,2022,jacojo01_2022_gamelog.csv,False
,0.0,27.0,,,,0.0,100.0,2022-12-08,0.0,0.0,0.0,0.0,0.0,0.0,0.0,*,56.0,13.0,,83.3,50.0,LAR,0.0,,2.0,"L, 16-17",13.0,0.0,0.0,0.0,0.0,,0.0,1.0,0.0,,0.0,LVR,2.0,@,14.0,3.7,,7.5,7.5,99.0,15.0,0.0,,,jacojo01,2022,jacojo01_2022_gamelog.csv,False
,0.0,22.0,,,,0.0,66.7,2022-12-18,0.0,0.0,0.0,0.0,1.0,0.0,1.0,*,57.0,14.0,,75.0,51.0,NWE,0.0,,2.0,"W, 30-24",14.0,0.0,0.0,0.0,0.0,,0.0,0.0,0.0,,0.0,LVR,3.0,,15.0,4.2,,8.5,5.7,93.0,17.0,0.0,,,jacojo01,2022,jacojo01_2022_gamelog.csv,False
,0.0,15.0,,,,1.0,100.0,2022-12-24,0.0,0.0,0.0,0.0,0.0,0.0,0.0,*,58.0,15.0,,81.1,43.0,PIT,0.0,,1.0,"L, 10-13",15.0,0.0,0.0,0.0,0.0,,1.0,0.0,0.0,,0.0,LVR,1.0,@,16.0,2.9,,6.0,6.0,44.0,6.0,0.0,,,jacojo01,2022,jacojo01_2022_gamelog.csv,False
,0.0,17.0,,,,0.0,80.0,2023-01-01,0.0,0.0,0.0,0.0,0.0,0.0,0.0,*,59.0,16.0,,67.1,47.0,SFO,0.0,,4.0,"L, 34-37 (OT)",16.0,0.0,0.0,0.0,0.0,,0.0,1.0,0.0,,0.0,LVR,5.0,,17.0,4.1,,6.5,5.2,69.0,26.0,0.0,,,jacojo01,2022,jacojo01_2022_gamelog.csv,False
,0.0,17.0,,,,0.0,66.7,2023-01-07,0.0,0.0,0.0,0.0,0.0,0.0,0.0,*,60.0,17.0,,71.4,50.0,KAN,0.0,,2.0,"L, 13-31",17.0,0.0,0.0,0.0,0.0,,0.0,0.0,0.0,,0.0,LVR,3.0,,18.0,2.6,,2.5,1.7,45.0,5.0,0.0,,,jacojo01,2022,jacojo01_2022_gamelog.csv,False
,0.0,27.0,,,,0.0,77.8,2022-09-11,0.0,0.0,0.0,0.0,0.0,0.0,0.0,*,67.0,1.0,,73.0,73.0,PIT,0.0,,7.0,"L, 20-23 (OT)",1.0,0.0,0.0,0.0,0.0,,0.0,0.0,0.0,,0.0,CIN,9.0,,1.0,3.0,,9.0,7.0,82.0,63.0,0.0,,,mixojo00,2022,mixojo00_2022_gamelog.csv,False
,0.0,19.0,,,,0.0,75.0,2022-09-18,0.0,0.0,0.0,0.0,1.0,0.0,0.0,*,68.0,2.0,,75.7,53.0,DAL,0.0,,3.0,"L, 17-20",2.0,0.0,0.0,0.0,0.0,,0.0,0.0,0.0,,0.0,CIN,4.0,@,2.0,3.0,,8.7,6.5,57.0,26.0,0.0,,,mixojo00,2022,mixojo00_2022_gamelog.csv,False
,0.0,12.0,,,,0.0,42.9,2022-09-25,0.0,0.0,0.0,0.0,0.0,0.0,0.0,*,69.0,3.0,,66.2,45.0,NYJ,0.0,,3.0,"W, 27-12",3.0,0.0,0.0,0.0,0.0,,0.0,0.0,0.0,,0.0,CIN,7.0,@,3.0,2.0,,4.7,2.0,24.0,14.0,0.0,,,mixojo00,2022,mixojo00_2022_gamelog.csv,False
,0.0,24.0,,,,0.0,100.0,2022-09-29,0.0,0.0,0.0,0.0,0.0,0.0,0.0,*,70.0,4.0,,82.8,53.0,MIA,0.0,,4.0,"W, 27-15",4.0,0.0,0.0,0.0,0.0,,0.0,1.0,0.0,,0.0,CIN,4.0,,4.0,2.5,,3.3,3.3,61.0,13.0,0.0,,,mixojo00,2022,mixojo00_2022_gamelog.csv,False
,0.0,14.0,,,,1.0,100.0,2022-10-09,0.0,0.0,0.0,0.0,0.0,0.0,0.0,*,71.0,5.0,,69.8,44.0,BAL,0.0,,3.0,"L, 17-19",5.0,0.0,0.0,0.0,0.0,,1.0,0.0,0.0,,0.0,CIN,3.0,@,5.0,5.6,,3.3,3.3,78.0,10.0,0.0,,,mixojo00,2022,mixojo00_2022_gamelog.csv,False
,0.0,8.0,,,,0.0,66.7,2022-10-16,0.0,0.0,0.0,0.0,0.0,0.0,0.0,*,72.0,6.0,,71.9,41.0,NOR,0.0,,4.0,"W, 30-26",6.0,0.0,0.0,0.0,0.0,,0.0,0.0,1.0,,0.0,CIN,6.0,@,6.0,5.6,,5.8,3.8,45.0,23.0,0.0,,,mixojo00,2022,mixojo00_2022_gamelog.csv,False
,0.0,17.0,,,,0.0,100.0,2022-10-23,0.0,0.0,0.0,0.0,0.0,0.0,0.0,*,73.0,7.0,,72.1,49.0,ATL,0.0,,3.0,"W, 35-17",7.0,0.0,0.0,0.0,0.0,,0.0,1.0,0.0,,0.0,CIN,3.0,,7.0,3.4,,11.0,11.0,58.0,33.0,0.0,,,mixojo00,2022,mixojo00_2022_gamelog.csv,False
,0.0,8.0,,,,0.0,77.8,2022-10-31,0.0,0.0,0.0,0.0,0.0,0.0,0.0,*,74.0,8.0,,71.7,38.0,CLE,0.0,,7.0,"L, 13-32",8.0,0.0,0.0,0.0,0.0,,0.0,0.0,0.0,,0.0,CIN,9.0,@,8.0,3.4,,4.6,3.6,27.0,32.0,0.0,,,mixojo00,2022,mixojo00_2022_gamelog.csv,False
,0.0,22.0,,,,0.0,80.0,2022-11-06,0.0,0.0,0.0,0.0,0.0,0.0,0.0,*,75.0,9.0,,64.9,48.0,CAR,0.0,,4.0,"W, 42-21",9.0,0.0,0.0,0.0,0.0,,0.0,4.0,1.0,,0.0,CIN,5.0,,9.0,7.0,,14.5,11.6,153.0,58.0,0.0,,,mixojo00,2022,mixojo00_2022_gamelog.csv,False
,0.0,7.0,,,,0.0,100.0,2022-11-20,0.0,0.0,0.0,0.0,0.0,0.0,0.0,*,76.0,10.0,,21.2,14.0,PIT,0.0,,3.0,"W, 37-30",10.0,0.0,0.0,0.0,0.0,,0.0,0.0,0.0,,0.0,CIN,3.0,@,11.0,2.9,,14.0,14.0,20.0,42.0,0.0,,,mixojo00,2022,mixojo00_2022_gamelog.csv,False
,,,,,,,,2022-11-27,,,,,,,,Inactive,,11.0,,,,TEN,,,,"W, 20-16",10.0,,,,,,,,,,,CIN,,@,12.0,,,,,,,,,,mixojo00,2022,mixojo00_2022_gamelog.csv,True
,,,,,,,,2022-12-04,,,,,,,,Inactive,,12.0,,,,KAN,,,,"W, 27-24",10.0,,,,,,,,,,,CIN,,,13.0,,,,,,,,,,mixojo00,2022,mixojo00_2022_gamelog.csv,True
,0.0,14.0,,,,0.0,100.0,2022-12-11,0.0,0.0,0.0,0.0,0.0,0.0,0.0,*,77.0,13.0,,58.2,39.0,CLE,0.0,,2.0,"W, 23-10",11.0,0.0,0.0,0.0,0.0,,0.0,0.0,0.0,,0.0,CIN,2.0,,14.0,6.9,,5.0,5.0,96.0,10.0,0.0,,,mixojo00,2022,mixojo00_2022_gamelog.csv,False
,0.0,11.0,,,,0.0,83.3,2022-12-18,0.0,0.0,0.0,0.0,0.0,0.0,0.0,*,78.0,14.0,,63.6,42.0,TAM,0.0,,5.0,"W, 34-23",12.0,0.0,0.0,0.0,0.0,,0.0,0.0,0.0,,0.0,CIN,6.0,@,15.0,1.9,,6.6,5.5,21.0,33.0,0.0,,,mixojo00,2022,mixojo00_2022_gamelog.csv,False
,0.0,16.0,,,,0.0,77.8,2022-12-24,0.0,0.0,0.0,0.0,0.0,0.0,0.0,*,79.0,15.0,,59.0,49.0,NWE,0.0,,7.0,"W, 22-18",13.0,0.0,0.0,0.0,0.0,,0.0,0.0,0.0,,0.0,CIN,9.0,@,16.0,4.1,,6.1,4.8,65.0,43.0,0.0,,,mixojo00,2022,mixojo00_2022_gamelog.csv,False
,0.0,11.0,,,,0.0,100.0,2023-01-08,0.0,0.0,0.0,0.0,0.0,0.0,0.0,*,80.0,16.0,,54.5,36.0,BAL,0.0,,5.0,"W, 27-16",14.0,0.0,0.0,0.0,0.0,,0.0,1.0,0.0,,0.0,CIN,5.0,,18.0,2.5,,8.2,8.2,27.0,41.0,0.0,,,mixojo00,2022,mixojo00_2022_gamelog.csv,False
,,4.0,,,,,50.0,2022-09-11,0.0,0.0,0.0,0.0,0.0,0.0,1.0,,1.0,1.0,,51.4,36.0,WAS,,,2.0,"L, 22-28",1.0,0.0,0.0,,,,,0.0,0.0,,,JAX,4.0,@,1.0,11.8,,9.0,4.5,47.0,18.0,0.0,,,etietr00,2022,etietr00_2022_gamelog.csv,False
,,9.0,,,,,100.0,2022-09-18,0.0,0.0,0.0,0.0,0.0,0.0,0.0,,2.0,2.0,,36.6,26.0,IND,,,3.0,"W, 24-0",2.0,0.0,0.0,,,,,0.0,0.0,,,JAX,3.0,,2.0,2.2,,11.0,11.0,20.0,33.0,0.0,,,etietr00,2022,etietr00_2022_gamelog.csv,False
,,13.0,,,,,100.0,2022-09-25,0.0,0.0,0.0,0.0,0.0,0.0,0.0,,3.0,3.0,,43.4,33.0,LAC,,,3.0,"W, 38-10",3.0,0.0,0.0,,,,,0.0,0.0,,,JAX,3.0,@,3.0,3.5,,10.0,10.0,45.0,30.0,0.0,,,etietr00,2022,etietr00_2022_gamelog.csv,False
,,8.0,,,,,0.0,2022-10-02,0.0,0.0,0.0,0.0,0.0,0.0,0.0,,4.0,4.0,,51.1,24.0,PHI,,,0.0,"L, 21-29",4.0,0.0,0.0,,,,,0.0,0.0,,,JAX,1.0,@,4.0,4.0,,,0.0,32.0,0.0,0.0,,,etietr00,2022,etietr00_2022_gamelog.csv,False
,,10.0,,,,,60.0,2022-10-09,0.0,0.0,0.0,0.0,0.0,0.0,0.0,,5.0,5.0,,53.3,40.0,HOU,,,3.0,"L, 6-13",5.0,0.0,0.0,,,,,0.0,0.0,,,JAX,5.0,,5.0,7.1,,14.3,8.6,71.0,43.0,0.0,,,etietr00,2022,etietr00_2022_gamelog.csv,False
,,10.0,,,,,100.0,2022-10-16,0.0,0.0,0.0,0.0,0.0,0.0,1.0,*,6.0,6.0,,46.0,29.0,IND,,,2.0,"L, 27-34",6.0,0.0,0.0,,,,,0.0,0.0,,,JAX,2.0,@,6.0,8.6,,11.0,11.0,86.0,22.0,0.0,,,etietr00,2022,etietr00_2022_gamelog.csv,False
,,14.0,,,,,20.0,2022-10-23,0.0,0.0,0.0,1.0,0.0,0.0,1.0,*,7.0,7.0,,80.3,57.0,NYG,,,1.0,"L, 17-23",7.0,0.0,0.0,,,,,1.0,0.0,,,JAX,5.0,,7.0,8.1,,5.0,1.0,114.0,5.0,0.0,,,etietr00,2022,etietr00_2022_gamelog.csv,False
,,24.0,,,,,100.0,2022-10-30,0.0,0.0,0.0,0.0,0.0,0.0,0.0,*,8.0,8.0,,79.2,57.0,DEN,,,3.0,"L, 17-21",8.0,0.0,0.0,,,,,1.0,0.0,,,JAX,3.0,,8.0,6.5,,2.0,2.0,156.0,6.0,0.0,,,etietr00,2022,etietr00_2022_gamelog.csv,False
,,28.0,,,,,100.0,2022-11-06,0.0,0.0,0.0,0.0,0.0,0.0,0.0,*,9.0,9.0,,81.2,56.0,LVR,,,2.0,"W, 27-20",9.0,0.0,0.0,,,,,2.0,0.0,,,JAX,2.0,,9.0,3.9,,8.5,8.5,109.0,17.0,0.0,,,etietr00,2022,etietr00_2022_gamelog.csv,False
,,11.0,,,,,100.0,2022-11-13,0.0,0.0,0.0,0.0,0.0,0.0,0.0,*,10.0,10.0,,78.1,50.0,KAN,,,3.0,"L, 17-27",10.0,0.0,0.0,,,,,0.0,0.0,,,JAX,3.0,@,10.0,4.1,,9.3,9.3,45.0,28.0,0.0,,,etietr00,2022,etietr00_2022_gamelog.csv,False
,,2.0,,,,,,2022-11-27,0.0,0.0,0.0,0.0,0.0,0.0,0.0,*,11.0,11.0,,7.9,5.0,BAL,,,0.0,"W, 28-27",11.0,0.0,0.0,,,,,0.0,0.0,,,JAX,0.0,,12.0,1.5,,,,3.0,0.0,0.0,,,etietr00,2022,etietr00_2022_gamelog.csv,False
,,13.0,,,,,100.0,2022-12-04,0.0,0.0,0.0,1.0,0.0,0.0,1.0,*,12.0,12.0,,87.5,49.0,DET,,,3.0,"L, 14-40",12.0,0.0,0.0,,,,,0.0,0.0,,,JAX,3.0,@,13.0,4.2,,4.0,4.0,54.0,12.0,0.0,,,etietr00,2022,etietr00_2022_gamelog.csv,False
,,17.0,,,,,,2022-12-11,0.0,0.0,0.0,0.0,0.0,0.0,0.0,*,13.0,13.0,,75.0,54.0,TEN,,,0.0,"W, 36-22",13.0,0.0,0.0,,,,,0.0,0.0,,,JAX,0.0,@,14.0,1.9,,,,32.0,0.0,0.0,,,etietr00,2022,etietr00_2022_gamelog.csv,False
,,19.0,,,,,66.7,2022-12-18,0.0,0.0,0.0,1.0,0.0,0.0,1.0,*,14.0,14.0,,72.9,51.0,DAL,,,2.0,"W, 40-34 (OT)",14.0,0.0,0.0,,,,,0.0,0.0,,,JAX,3.0,,15.0,5.4,,12.0,8.0,103.0,24.0,0.0,,,etietr00,2022,etietr00_2022_gamelog.csv,False
,,22.0,,,,,100.0,2022-12-22,0.0,0.0,0.0,0.0,0.0,0.0,0.0,*,15.0,15.0,,70.8,51.0,NYJ,,,3.0,"W, 19-3",15.0,0.0,0.0,,,,,0.0,0.0,,,JAX,3.0,@,16.0,3.8,,9.7,9.7,83.0,29.0,0.0,,,etietr00,2022,etietr00_2022_gamelog.csv,False
,,9.0,,,,,100.0,2023-01-01,0.0,0.0,0.0,0.0,1.0,0.0,0.0,*,16.0,16.0,,38.1,24.0,HOU,,,3.0,"W, 31-3",16.0,0.0,0.0,,,,,1.0,0.0,,,JAX,3.0,@,17.0,12.0,,10.7,10.7,108.0,32.0,0.0,,,etietr00,2022,etietr00_2022_gamelog.csv,False
,,7.0,,,,,100.0,2023-01-07,0.0,0.0,0.0,0.0,0.0,0.0,0.0,*,17.0,17.0,,55.1,27.0,TEN,,,2.0,"W, 20-16",17.0,0.0,0.0,,,,,0.0,0.0,,,JAX,2.0,,18.0,2.4,,8.5,8.5,17.0,17.0,0.0,,,etietr00,2022,etietr00_2022_gamelog.csv,False
,0.0,10.0,0.0,0.0,,0.0,100.0,2022-09-11,0.0,0.0,0.0,0.0,0.0,0.0,0.0,*,18.0,1.0,0.0,58.7,37.0,CIN,0.0,,2.0,"W, 23-20 (OT)",1.0,0.0,0.0,0.0,0.0,0.0,0.0,0.0,1.0,0.0,0.0,PIT,2.0,@,1.0,2.3,,1.5,1.5,23.0,3.0,0.0,0.0,0.0,harrna00,2022,harrna00_2022_gamelog.csv,False
,0.0,15.0,0.0,0.0,,0.0,83.3,2022-09-18,0.0,0.0,0.0,0.0,0.0,0.0,0.0,*,19.0,2.0,0.0,71.2,42.0,NWE,0.0,,5.0,"L, 14-17",2.0,0.0,0.0,0.0,0.0,0.0,0.0,0.0,0.0,0.0,0.0,PIT,6.0,,2.0,3.3,,8.0,6.7,49.0,40.0,0.0,0.0,0.0,harrna00,2022,harrna00_2022_gamelog.csv,False
,0.0,15.0,0.0,0.0,,0.0,100.0,2022-09-22,0.0,0.0,0.0,1.0,0.0,0.0,1.0,*,20.0,3.0,0.0,79.7,47.0,CLE,0.0,,3.0,"L, 17-29",3.0,0.0,0.0,0.0,0.0,0.0,0.0,1.0,0.0,0.0,0.0,PIT,3.0,@,3.0,3.7,,1.7,1.7,56.0,5.0,0.0,0.0,0.0,harrna00,2022,harrna00_2022_gamelog.csv,False
,0.0,18.0,0.0,0.0,,1.0,,2022-10-02,0.0,0.0,0.0,0.0,0.0,0.0,0.0,*,21.0,4.0,0.0,75.0,48.0,NYJ,0.0,,0.0,"L, 20-24",4.0,0.0,0.0,0.0,0.0,0.0,1.0,0.0,0.0,0.0,0.0,PIT,0.0,,4.0,4.1,,,,74.0,0.0,0.0,0.0,0.0,harrna00,2022,harrna00_2022_gamelog.csv,False
,0.0,11.0,0.0,0.0,,0.0,75.0,2022-10-09,0.0,0.0,0.0,0.0,0.0,0.0,0.0,*,22.0,5.0,0.0,49.3,37.0,BUF,0.0,,3.0,"L, 3-38",5.0,0.0,0.0,0.0,0.0,0.0,0.0,0.0,0.0,0.0,0.0,PIT,4.0,@,5.0,1.8,,5.3,4.0,20.0,16.0,0.0,0.0,0.0,harrna00,2022,harrna00_2022_gamelog.csv,False
,0.0,14.0,0.0,0.0,,0.0,66.7,2022-10-16,0.0,0.0,0.0,0.0,0.0,0.0,0.0,*,23.0,6.0,0.0,68.8,44.0,TAM,0.0,,2.0,"W, 20-18",6.0,0.0,0.0,0.0,0.0,0.0,0.0,0.0,1.0,0.0,0.0,PIT,3.0,,6.0,3.0,,3.5,2.3,42.0,7.0,0.0,0.0,0.0,harrna00,2022,harrna00_2022_gamelog.csv,False
,0.0,17.0,0.0,0.0,,0.0,75.0,2022-10-23,0.0,0.0,0.0,0.0,0.0,0.0,0.0,*,24.0,7.0,0.0,77.3,58.0,MIA,0.0,,3.0,"L, 10-16",7.0,0.0,0.0,0.0,0.0,0.0,0.0,0.0,0.0,0.0,0.0,PIT,4.0,@,7.0,3.8,,5.0,3.8,65.0,15.0,0.0,0.0,0.0,harrna00,2022,harrna00_2022_gamelog.csv,False
4.0,0.0,8.0,1.0,1.0,100.0,0.0,100.0,2022-10-30,0.0,0.0,0.0,0.0,0.0,0.0,0.0,*,25.0,8.0,0.0,71.1,54.0,PHI,0.0,83.3,6.0,"L, 13-35",8.0,0.0,0.0,0.0,0.0,0.0,0.0,0.0,0.0,0.0,0.0,PIT,6.0,@,8.0,4.0,4.0,4.3,4.3,32.0,26.0,4.0,0.0,0.0,harrna00,2022,harrna00_2022_gamelog.csv,False
,0.0,20.0,0.0,0.0,,0.0,0.0,2022-11-13,0.0,0.0,0.0,0.0,0.0,0.0,1.0,*,26.0,9.0,0.0,59.5,50.0,NOR,0.0,,0.0,"W, 20-10",9.0,0.0,0.0,0.0,0.0,0.0,0.0,0.0,0.0,0.0,0.0,PIT,1.0,,10.0,5.0,,,0.0,99.0,0.0,0.0,0.0,0.0,harrna00,2022,harrna00_2022_gamelog.csv,False
,0.0,20.0,0.0,0.0,,0.0,66.7,2022-11-20,0.0,0.0,0.0,0.0,0.0,0.0,0.0,*,27.0,10.0,0.0,91.8,67.0,CIN,0.0,,4.0,"L, 30-37",10.0,0.0,0.0,0.0,0.0,0.0,0.0,2.0,0.0,0.0,0.0,PIT,6.0,,11.0,4.5,,6.5,4.3,90.0,26.0,0.0,0.0,0.0,harrna00,2022,harrna00_2022_gamelog.csv,False
,0.0,10.0,0.0,0.0,,0.0,100.0,2022-11-28,0.0,0.0,0.0,0.0,0.0,0.0,0.0,*,28.0,11.0,0.0,29.0,20.0,IND,0.0,,1.0,"W, 24-17",11.0,0.0,0.0,0.0,0.0,0.0,0.0,1.0,0.0,0.0,0.0,PIT,1.0,@,12.0,3.5,,4.0,4.0,35.0,4.0,0.0,0.0,0.0,harrna00,2022,harrna00_2022_gamelog.csv,False
,0.0,17.0,0.0,0.0,,0.0,100.0,2022-12-04,0.0,0.0,0.0,0.0,0.0,0.0,0.0,*,29.0,12.0,0.0,66.2,43.0,ATL,0.0,,1.0,"W, 19-16",12.0,0.0,0.0,0.0,0.0,0.0,0.0,0.0,0.0,0.0,0.0,PIT,1.0,@,13.0,5.1,,6.0,6.0,86.0,6.0,0.0,0.0,0.0,harrna00,2022,harrna00_2022_gamelog.csv,False
,0.0,12.0,0.0,0.0,,0.0,66.7,2022-12-11,0.0,0.0,0.0,0.0,0.0,0.0,0.0,*,30.0,13.0,0.0,56.4,31.0,BAL,0.0,,2.0,"L, 14-16",13.0,0.0,0.0,0.0,0.0,0.0,0.0,1.0,0.0,0.0,0.0,PIT,3.0,,14.0,2.8,,8.5,5.7,33.0,17.0,0.0,0.0,0.0,harrna00,2022,harrna00_2022_gamelog.csv,False
,0.0,24.0,0.0,0.0,,0.0,,2022-12-18,0.0,0.0,0.0,0.0,0.0,0.0,0.0,*,31.0,14.0,0.0,66.2,45.0,CAR,0.0,,0.0,"W, 24-16",14.0,4.0,1.0,0.0,0.0,0.0,0.0,1.0,0.0,0.0,0.0,PIT,0.0,@,15.0,3.6,,,,86.0,0.0,0.0,0.0,0.0,harrna00,2022,harrna00_2022_gamelog.csv,False
,0.0,16.0,0.0,0.0,,1.0,66.7,2022-12-24,0.0,0.0,0.0,0.0,0.0,0.0,0.0,*,32.0,15.0,0.0,72.1,49.0,LVR,0.0,,6.0,"W, 13-10",15.0,0.0,0.0,0.0,0.0,0.0,1.0,0.0,0.0,0.0,0.0,PIT,9.0,,16.0,3.3,,7.0,4.7,53.0,42.0,0.0,0.0,0.0,harrna00,2022,harrna00_2022_gamelog.csv,False
,0.0,22.0,0.0,0.0,,0.0,66.7,2023-01-01,0.0,0.0,0.0,0.0,0.0,0.0,0.0,*,33.0,16.0,0.0,64.3,45.0,BAL,0.0,,2.0,"W, 16-13",16.0,0.0,0.0,0.0,0.0,0.0,0.0,0.0,1.0,0.0,0.0,PIT,3.0,@,17.0,5.0,,6.0,4.0,111.0,12.0,0.0,0.0,0.0,harrna00,2022,harrna00_2022_gamelog.csv,False
,0.0,23.0,0.0,0.0,,0.0,100.0,2023-01-08,0.0,0.0,0.0,1.0,0.0,0.0,1.0,*,34.0,17.0,0.0,63.0,46.0,CLE,0.0,,1.0,"W, 28-14",17.0,0.0,0.0,0.0,0.0,0.0,0.0,1.0,0.0,0.0,0.0,PIT,1.0,,18.0,3.5,,10.0,10.0,80.0,10.0,0.0,0.0,0.0,harrna00,2022,harrna00_2022_gamelog.csv,False
,,21.0,0.0,0.0,,,0.0,2022-09-11,0.0,0.0,0.0,0.0,1.0,0.0,1.0,*,87.0,1.0,0.0,67.7,44.0,NYG,,,0.0,"L, 20-21",1.0,0.0,0.0,,0.0,,,0.0,0.0,0.0,,TEN,1.0,,1.0,3.9,,,0.0,82.0,0.0,0.0,0.0,0.0,henrde00,2022,henrde00_2022_gamelog.csv,False
,,13.0,0.0,0.0,,,,2022-09-19,0.0,0.0,0.0,0.0,0.0,0.0,0.0,*,88.0,2.0,0.0,46.4,26.0,BUF,,,0.0,"L, 7-41",2.0,0.0,0.0,,0.0,,,1.0,0.0,0.0,,TEN,0.0,@,2.0,1.9,,,,25.0,0.0,0.0,0.0,0.0,henrde00,2022,henrde00_2022_gamelog.csv,False
,,20.0,0.0,0.0,,,83.3,2022-09-25,0.0,0.0,0.0,0.0,0.0,0.0,0.0,*,89.0,3.0,0.0,74.1,43.0,LVR,,,5.0,"W, 24-22",3.0,0.0,0.0,,0.0,,,1.0,0.0,0.0,,TEN,6.0,,3.0,4.3,,11.6,9.7,85.0,58.0,0.0,0.0,0.0,henrde00,2022,henrde00_2022_gamelog.csv,False
,,22.0,0.0,0.0,,,60.0,2022-10-02,0.0,0.0,0.0,0.0,0.0,0.0,0.0,*,90.0,4.0,0.0,68.5,37.0,IND,,,3.0,"W, 24-17",4.0,0.0,0.0,,0.0,,,1.0,0.0,0.0,,TEN,5.0,@,4.0,5.2,,11.0,6.6,114.0,33.0,0.0,0.0,0.0,henrde00,2022,henrde00_2022_gamelog.csv,False
,,28.0,0.0,0.0,,,100.0,2022-10-09,0.0,0.0,0.0,0.0,0.0,0.0,0.0,*,91.0,5.0,0.0,64.1,41.0,WAS,,,2.0,"W, 21-17",5.0,0.0,0.0,,0.0,,,2.0,0.0,0.0,,TEN,2.0,@,5.0,3.6,,15.0,15.0,102.0,30.0,0.0,0.0,0.0,henrde00,2022,henrde00_2022_gamelog.csv,False
,,30.0,0.0,0.0,,,100.0,2022-10-23,0.0,0.0,0.0,0.0,0.0,0.0,0.0,*,92.0,6.0,0.0,74.6,44.0,IND,,,3.0,"W, 19-10",6.0,0.0,0.0,,0.0,,,0.0,0.0,0.0,,TEN,3.0,,7.0,4.3,,3.3,3.3,128.0,10.0,0.0,0.0,0.0,henrde00,2022,henrde00_2022_gamelog.csv,False
,,32.0,0.0,0.0,,,100.0,2022-10-30,0.0,0.0,0.0,0.0,0.0,0.0,0.0,*,93.0,7.0,0.0,74.1,43.0,HOU,,,1.0,"W, 17-10",7.0,0.0,0.0,,0.0,,,2.0,0.0,0.0,,TEN,1.0,@,8.0,6.8,,9.0,9.0,219.0,9.0,0.0,0.0,0.0,henrde00,2022,henrde00_2022_gamelog.csv,False
,,17.0,0.0,0.0,,,,2022-11-06,0.0,0.0,0.0,0.0,0.0,0.0,0.0,*,94.0,8.0,0.0,58.8,30.0,KAN,,,0.0,"L, 17-20 (OT)",8.0,0.0,0.0,,0.0,,,2.0,0.0,0.0,,TEN,0.0,@,9.0,6.8,,,,115.0,0.0,0.0,0.0,0.0,henrde00,2022,henrde00_2022_gamelog.csv,False
,,19.0,0.0,0.0,,,66.7,2022-11-13,0.0,0.0,0.0,0.0,0.0,0.0,0.0,*,95.0,9.0,0.0,58.1,36.0,DEN,,,2.0,"W, 17-10",9.0,0.0,0.0,,0.0,,,0.0,0.0,0.0,,TEN,3.0,,10.0,2.8,,7.0,4.7,53.0,14.0,0.0,0.0,0.0,henrde00,2022,henrde00_2022_gamelog.csv,False
12.0,,28.0,2.0,2.0,100.0,,100.0,2022-11-17,0.0,0.0,0.0,0.0,0.0,0.0,0.0,*,96.0,10.0,0.0,71.2,47.0,GNB,,118.7,2.0,"W, 27-17",10.0,0.0,0.0,,0.0,,,1.0,0.0,1.0,,TEN,2.0,@,11.0,3.1,2.0,22.5,22.5,87.0,45.0,4.0,0.0,0.0,henrde00,2022,henrde00_2022_gamelog.csv,False
,,17.0,0.0,0.0,,,100.0,2022-11-27,0.0,0.0,0.0,0.0,0.0,0.0,1.0,*,97.0,11.0,0.0,56.1,32.0,CIN,,,3.0,"L, 16-20",11.0,0.0,0.0,,0.0,,,0.0,0.0,0.0,,TEN,3.0,,12.0,2.2,,26.3,26.3,38.0,79.0,0.0,0.0,0.0,henrde00,2022,henrde00_2022_gamelog.csv,False
,,11.0,0.0,0.0,,,66.7,2022-12-04,0.0,0.0,0.0,0.0,0.0,0.0,0.0,*,98.0,12.0,0.0,54.5,30.0,PHI,,,2.0,"L, 10-35",12.0,0.0,0.0,,0.0,,,0.0,0.0,0.0,,TEN,3.0,@,13.0,2.7,,4.0,2.7,30.0,8.0,0.0,0.0,0.0,henrde00,2022,henrde00_2022_gamelog.csv,False
,,17.0,0.0,0.0,,,60.0,2022-12-11,0.0,0.0,0.0,2.0,0.0,0.0,2.0,*,99.0,13.0,0.0,74.6,50.0,JAX,,,3.0,"L, 22-36",13.0,0.0,0.0,,0.0,,,1.0,0.0,0.0,,TEN,5.0,,14.0,7.1,,11.3,6.8,121.0,34.0,0.0,0.0,-6.0,henrde00,2022,henrde00_2022_gamelog.csv,False
,,21.0,0.0,0.0,,,100.0,2022-12-18,0.0,0.0,0.0,0.0,0.0,0.0,1.0,*,100.0,14.0,0.0,71.0,44.0,LAC,,,4.0,"L, 14-17",14.0,0.0,0.0,,0.0,,,1.0,0.0,0.0,,TEN,4.0,@,15.0,5.0,,14.8,14.8,104.0,59.0,0.0,0.0,0.0,henrde00,2022,henrde00_2022_gamelog.csv,False
,,23.0,0.0,0.0,,,100.0,2022-12-24,0.0,0.0,0.0,1.0,0.0,0.0,1.0,*,101.0,15.0,0.0,73.8,45.0,HOU,,,2.0,"L, 14-19",15.0,0.0,0.0,,0.0,,,1.0,0.0,0.0,,TEN,2.0,,16.0,5.5,,0.0,0.0,126.0,0.0,0.0,0.0,0.0,henrde00,2022,henrde00_2022_gamelog.csv,False
,,,,,,,,2022-12-29,,,,,,,,Inactive,,16.0,,,,DAL,,,,"L, 13-27",15.0,,,,,,,,,,,TEN,,,17.0,,,,,,,,,,henrde00,2022,henrde00_2022_gamelog.csv,True
,,30.0,0.0,0.0,,,100.0,2023-01-07,0.0,0.0,0.0,0.0,0.0,0.0,0.0,*,102.0,17.0,0.0,74.7,56.0,JAX,,,1.0,"L, 16-20",16.0,0.0,0.0,,0.0,,,0.0,0.0,0.0,,TEN,1.0,@,18.0,3.6,,19.0,19.0,109.0,19.0,0.0,0.0,0.0,henrde00,2022,henrde00_2022_gamelog.csv,False
